app_answer,withplt,0.024324709956999868
app_answer,withplt,0.024292488989885896
app_answer,withplt,0.024393760017119348
app_answer,withplt,0.024729662982281297
app_answer,withplt,0.024375636014156044
app_answer,withplt,0.024351530999410897
app_answer,withplt,0.02451093099080026
app_answer,withplt,0.024728961987420917
app_answer,withplt,0.024444325012154877
app_answer,withplt,0.02446612698258832
app_answer,noplt,0.024392036953940988
app_answer,noplt,0.024458252009935677
app_answer,noplt,0.02440054202452302
app_answer,noplt,0.024486845009960234
app_answer,noplt,0.02454063598997891
app_answer,noplt,0.02444244100479409
app_answer,noplt,0.024708753975573927
app_answer,noplt,0.024147916003130376
app_answer,noplt,0.024319920979905874
app_answer,noplt,0.024221945961471647
app_erb,withplt,0.9107162909931503
app_erb,withplt,0.9225791459903121
app_erb,withplt,0.9098472610348836
app_erb,withplt,0.9088818110176362
app_erb,withplt,0.9108947130152956
app_erb,withplt,0.9108107540523633
app_erb,withplt,0.9141191709786654
app_erb,withplt,0.9215472429641522
app_erb,withplt,0.9106924569932744
app_erb,withplt,0.9188480729935691
app_erb,noplt,0.8442045749980025
app_erb,noplt,0.8455616640276276
app_erb,noplt,0.8572187310201116
app_erb,noplt,0.859679319022689
app_erb,noplt,0.8441625840496272
app_erb,noplt,0.8377837869920768
app_erb,noplt,0.8439193449448794
app_erb,noplt,0.8461070580524392
app_erb,noplt,0.8596696040476672
app_erb,noplt,0.8439268759684637
app_factorial,withplt,0.6169145109597594
app_factorial,withplt,0.6168724210001528
app_factorial,withplt,0.6212441819952801
app_factorial,withplt,0.6227374169975519
app_factorial,withplt,0.6202397579909302
app_factorial,withplt,0.6239348539966159
app_factorial,withplt,0.622515917988494
app_factorial,withplt,0.6263218920212239
app_factorial,withplt,0.6242967339931056
app_factorial,withplt,0.6212353729642928
app_factorial,noplt,0.6303328539943323
app_factorial,noplt,0.6255728990072384
app_factorial,noplt,0.628260594967287
app_factorial,noplt,0.6261002029641531
app_factorial,noplt,0.6261673680273816
app_factorial,noplt,0.62713206600165
app_factorial,noplt,0.6277570950333029
app_factorial,noplt,0.6257023109938018
app_factorial,noplt,0.6257354920380749
app_factorial,noplt,0.6223522140062414
app_fib,withplt,0.3530721070128493
app_fib,withplt,0.3475953619927168
app_fib,withplt,0.3508883899776265
app_fib,withplt,0.3442117720260285
app_fib,withplt,0.3463230010238476
app_fib,withplt,0.3492591570247896
app_fib,withplt,0.3480198309989646
app_fib,withplt,0.3460802439949475
app_fib,withplt,0.34562438394641504
app_fib,withplt,0.3442319999448955
app_fib,noplt,0.34840648900717497
app_fib,noplt,0.34815650898963213
app_fib,noplt,0.3482993480283767
app_fib,noplt,0.34817799797747284
app_fib,noplt,0.35039700102061033
app_fib,noplt,0.35661678697215393
app_fib,noplt,0.3476112889475189
app_fib,noplt,0.34318774001440033
app_fib,noplt,0.3479788919794373
app_fib,noplt,0.34928362199570984
app_mandelbrot,withplt,0.6246690150001086
app_mandelbrot,withplt,0.6266982409870252
app_mandelbrot,withplt,0.6264399930369109
app_mandelbrot,withplt,0.6240089390194044
app_mandelbrot,withplt,0.626238122000359
app_mandelbrot,withplt,0.6251797149889171
app_mandelbrot,withplt,0.6281285940203816
app_mandelbrot,withplt,0.6257517029880546
app_mandelbrot,withplt,0.623172109015286
app_mandelbrot,withplt,0.630965261021629
app_mandelbrot,noplt,0.5673527139588259
app_mandelbrot,noplt,0.5737880559754558
app_mandelbrot,noplt,0.568004201981239
app_mandelbrot,noplt,0.5645516330259852
app_mandelbrot,noplt,0.5724048870033585
app_mandelbrot,noplt,0.5731343519873917
app_mandelbrot,noplt,0.56202247395413
app_mandelbrot,noplt,0.573823029990308
app_mandelbrot,noplt,0.5688209200161509
app_mandelbrot,noplt,0.5663864800008014
app_pentomino,withplt,13.358775168017019
app_pentomino,withplt,13.35842581797624
app_pentomino,withplt,13.461676942999475
app_pentomino,withplt,13.343306337948889
app_pentomino,withplt,13.39111739397049
app_pentomino,withplt,13.427941481000744
app_pentomino,withplt,13.405307845037896
app_pentomino,withplt,13.292890948010609
app_pentomino,withplt,13.368230904976372
app_pentomino,withplt,13.436832912964746
app_pentomino,noplt,12.476932374003809
app_pentomino,noplt,12.450508962967433
app_pentomino,noplt,12.418365952966269
app_pentomino,noplt,12.482931640988681
app_pentomino,noplt,12.457947049988434
app_pentomino,noplt,12.444175280979834
app_pentomino,noplt,12.472456225019414
app_pentomino,noplt,12.506806874007452
app_pentomino,noplt,12.3861526119872
app_pentomino,noplt,12.389111691969447
app_raise,withplt,0.26120889803860337
app_raise,withplt,0.25611629796912894
app_raise,withplt,0.25760756101226434
app_raise,withplt,0.2617814170080237
app_raise,withplt,0.2606365199899301
app_raise,withplt,0.2610531150130555
app_raise,withplt,0.2545436540385708
app_raise,withplt,0.25535546499304473
app_raise,withplt,0.25648564397124574
app_raise,withplt,0.2630951540195383
app_raise,noplt,0.21573459799401462
app_raise,noplt,0.2154414759716019
app_raise,noplt,0.21686489798594266
app_raise,noplt,0.22137343703070655
app_raise,noplt,0.21474595397012308
app_raise,noplt,0.21597793599357828
app_raise,noplt,0.21505506604444236
app_raise,noplt,0.21228728897403926
app_raise,noplt,0.21598114300286397
app_raise,noplt,0.22080341196851805
app_strconcat,withplt,0.16713175899349153
app_strconcat,withplt,0.16293445799965411
app_strconcat,withplt,0.16244138701586053
app_strconcat,withplt,0.16280029399786144
app_strconcat,withplt,0.1625560539541766
app_strconcat,withplt,0.1659994240035303
app_strconcat,withplt,0.16171244397992268
app_strconcat,withplt,0.16265933896647766
app_strconcat,withplt,0.161817291053012
app_strconcat,withplt,0.1635266930097714
app_strconcat,noplt,0.10269495297688991
app_strconcat,noplt,0.10269395203795284
app_strconcat,noplt,0.10275758197531104
app_strconcat,noplt,0.10300601902417839
app_strconcat,noplt,0.1024732050136663
app_strconcat,noplt,0.10241795104229823
app_strconcat,noplt,0.10250995500246063
app_strconcat,noplt,0.10266300296643749
app_strconcat,noplt,0.1029588200035505
app_strconcat,noplt,0.09633755899267271
app_tak,withplt,0.5023029069998302
app_tak,withplt,0.5087859169580042
app_tak,withplt,0.5054351610015146
app_tak,withplt,0.5037537210155278
app_tak,withplt,0.5034353809896857
app_tak,withplt,0.5044411069829948
app_tak,withplt,0.5052436189725995
app_tak,withplt,0.5015748129808344
app_tak,withplt,0.5048203009646386
app_tak,withplt,0.5029520480311476
app_tak,noplt,0.5024990050005727
app_tak,noplt,0.5005881529650651
app_tak,noplt,0.5001369619858451
app_tak,noplt,0.5026728329830803
app_tak,noplt,0.5023174420348369
app_tak,noplt,0.4971599290147424
app_tak,noplt,0.49971517705125734
app_tak,noplt,0.5005641860188916
app_tak,noplt,0.5007411499973387
app_tak,noplt,0.5036470080376603
app_tarai,withplt,0.40036107099149376
app_tarai,withplt,0.40129207499558106
app_tarai,withplt,0.40122850600164384
app_tarai,withplt,0.407074594986625
app_tarai,withplt,0.39894641301361844
app_tarai,withplt,0.39779725699918345
app_tarai,withplt,0.3956885319785215
app_tarai,withplt,0.3961576360161416
app_tarai,withplt,0.39745114505058154
app_tarai,withplt,0.39734708797186613
app_tarai,noplt,0.42193163000047207
app_tarai,noplt,0.42071929498342797
app_tarai,noplt,0.42418188200099394
app_tarai,noplt,0.42072295100660995
app_tarai,noplt,0.42025300598470494
app_tarai,noplt,0.42009103996679187
app_tarai,noplt,0.4221839349484071
app_tarai,noplt,0.4186227430473082
app_tarai,noplt,0.42041408899240196
app_tarai,noplt,0.4193837170023471
app_uri,withplt,0.6780705659766681
app_uri,withplt,0.6793548860005103
app_uri,withplt,0.6791633239481598
app_uri,withplt,0.6765101439668797
app_uri,withplt,0.6839372530230321
app_uri,withplt,0.6788275319850072
app_uri,withplt,0.6754041770473123
app_uri,withplt,0.6774042680044658
app_uri,withplt,0.6807521379669197
app_uri,withplt,0.6746616879827343
app_uri,noplt,0.6196130400057882
app_uri,noplt,0.6173448640038259
app_uri,noplt,0.6140137640177272
app_uri,noplt,0.6156543670222163
app_uri,noplt,0.6137190979789011
app_uri,noplt,0.6152849300415255
app_uri,noplt,0.6094881829922087
app_uri,noplt,0.6157923660357483
app_uri,noplt,0.6114130609785207
app_uri,noplt,0.6129869369906373
array_sample_100k_10,withplt,0.010748570959549397
array_sample_100k_10,withplt,0.010725737956818193
array_sample_100k_10,withplt,0.01091380201978609
array_sample_100k_10,withplt,0.010785792022943497
array_sample_100k_10,withplt,0.010949279007036239
array_sample_100k_10,withplt,0.010690921975765377
array_sample_100k_10,withplt,0.010892232996411622
array_sample_100k_10,withplt,0.010859139962121844
array_sample_100k_10,withplt,0.010811218991875648
array_sample_100k_10,withplt,0.010674842982552946
array_sample_100k_10,noplt,0.010014096973463893
array_sample_100k_10,noplt,0.01028113899519667
array_sample_100k_10,noplt,0.010418720019515604
array_sample_100k_10,noplt,0.010009668010752648
array_sample_100k_10,noplt,0.010119044978637248
array_sample_100k_10,noplt,0.010162154969293624
array_sample_100k_10,noplt,0.010188104002736509
array_sample_100k_10,noplt,0.010427677014376968
array_sample_100k_10,noplt,0.010352214972954243
array_sample_100k_10,noplt,0.010201461031101644
array_sample_100k_11,withplt,0.014955910970456898
array_sample_100k_11,withplt,0.015111284970771521
array_sample_100k_11,withplt,0.01501940202433616
array_sample_100k_11,withplt,0.015114429988898337
array_sample_100k_11,withplt,0.014964758011046797
array_sample_100k_11,withplt,0.014784138998948038
array_sample_100k_11,withplt,0.015181406983174384
array_sample_100k_11,withplt,0.014899545989464968
array_sample_100k_11,withplt,0.01484930096194148
array_sample_100k_11,withplt,0.014969968004152179
array_sample_100k_11,noplt,0.013603753002826124
array_sample_100k_11,noplt,0.014185970998369157
array_sample_100k_11,noplt,0.013436958019156009
array_sample_100k_11,noplt,0.013760668982286006
array_sample_100k_11,noplt,0.013803319016005844
array_sample_100k_11,noplt,0.013727295969147235
array_sample_100k_11,noplt,0.013594555028248578
array_sample_100k_11,noplt,0.013988659018650651
array_sample_100k_11,noplt,0.013841461041010916
array_sample_100k_11,noplt,0.014047270000446588
array_sample_100k__1k,withplt,0.5941787619958632
array_sample_100k__1k,withplt,0.5963728769565932
array_sample_100k__1k,withplt,0.5994667090126313
array_sample_100k__1k,withplt,0.5952198039740324
array_sample_100k__1k,withplt,0.5985873610479757
array_sample_100k__1k,withplt,0.5964096459792927
array_sample_100k__1k,withplt,0.5967037900118157
array_sample_100k__1k,withplt,0.5969903410295956
array_sample_100k__1k,withplt,0.5963356160209514
array_sample_100k__1k,withplt,0.5947832390083931
array_sample_100k__1k,noplt,0.6093987289932556
array_sample_100k__1k,noplt,0.6089982240227982
array_sample_100k__1k,noplt,0.6102538109989837
array_sample_100k__1k,noplt,0.6104883829830214
array_sample_100k__1k,noplt,0.6099730620044284
array_sample_100k__1k,noplt,0.6090350320446305
array_sample_100k__1k,noplt,0.6098921690136194
array_sample_100k__1k,noplt,0.6093772680032998
array_sample_100k__1k,noplt,0.6066277050413191
array_sample_100k__1k,noplt,0.6093138880096376
array_sample_100k__6k,withplt,1.9984385169809684
array_sample_100k__6k,withplt,2.0577943199896254
array_sample_100k__6k,withplt,2.061440441990271
array_sample_100k__6k,withplt,2.0555586019763723
array_sample_100k__6k,withplt,2.054977373976726
array_sample_100k__6k,withplt,2.056064490985591
array_sample_100k__6k,withplt,2.046311624988448
array_sample_100k__6k,withplt,2.049367892963346
array_sample_100k__6k,withplt,2.0621820149826817
array_sample_100k__6k,withplt,2.0620412369607948
array_sample_100k__6k,noplt,2.067486350017134
array_sample_100k__6k,noplt,2.1087761980015785
array_sample_100k__6k,noplt,2.1233369419933297
array_sample_100k__6k,noplt,2.073060129012447
array_sample_100k__6k,noplt,2.066620958968997
array_sample_100k__6k,noplt,2.072524795017671
array_sample_100k__6k,noplt,2.117952713975683
array_sample_100k__6k,noplt,2.072363346000202
array_sample_100k__6k,noplt,2.125633065996226
array_sample_100k__6k,noplt,2.0800189620349556
array_sample_100k__100,withplt,0.06533148803282529
array_sample_100k__100,withplt,0.06565361598040909
array_sample_100k__100,withplt,0.06603680801345035
array_sample_100k__100,withplt,0.06571199599420652
array_sample_100k__100,withplt,0.0659093779977411
array_sample_100k__100,withplt,0.06565337599022314
array_sample_100k__100,withplt,0.06622008298290893
array_sample_100k__100,withplt,0.06579137599328533
array_sample_100k__100,withplt,0.06550660898210481
array_sample_100k__100,withplt,0.06604594498639926
array_sample_100k__100,noplt,0.06623793696053326
array_sample_100k__100,noplt,0.06654823198914528
array_sample_100k__100,noplt,0.06669441802660003
array_sample_100k__100,noplt,0.06634812499396503
array_sample_100k__100,noplt,0.06665078504011035
array_sample_100k__100,noplt,0.06569944199873134
array_sample_100k__100,noplt,0.06616559001849964
array_sample_100k__100,noplt,0.0662838330026716
array_sample_100k__100,noplt,0.06585846102098003
array_sample_100k__100,noplt,0.06629882199922577
array_sample_100k___10k,withplt,2.935433460981585
array_sample_100k___10k,withplt,2.9644157880102284
array_sample_100k___10k,withplt,2.934749545005616
array_sample_100k___10k,withplt,2.9300885439733975
array_sample_100k___10k,withplt,2.9281137459911406
array_sample_100k___10k,withplt,2.9470553370192647
array_sample_100k___10k,withplt,2.94360494898865
array_sample_100k___10k,withplt,2.9453036059858277
array_sample_100k___10k,withplt,2.938419174985029
array_sample_100k___10k,withplt,2.9396736350026913
array_sample_100k___10k,noplt,3.0632174070342444
array_sample_100k___10k,noplt,3.063334684004076
array_sample_100k___10k,noplt,3.0556752719567157
array_sample_100k___10k,noplt,3.0628516130382195
array_sample_100k___10k,noplt,3.0618170500383712
array_sample_100k___10k,noplt,3.059853332990315
array_sample_100k___10k,noplt,3.058921672985889
array_sample_100k___10k,noplt,3.059436960029416
array_sample_100k___10k,noplt,3.057395768002607
array_sample_100k___10k,noplt,3.0560656869783998
array_sample_100k___50k,withplt,11.985982098965906
array_sample_100k___50k,withplt,11.993249794992153
array_sample_100k___50k,withplt,11.954536050965544
array_sample_100k___50k,withplt,11.994105888006743
array_sample_100k___50k,withplt,11.961113240977284
array_sample_100k___50k,withplt,11.98986612202134
array_sample_100k___50k,withplt,11.964028974995017
array_sample_100k___50k,withplt,12.013278561993502
array_sample_100k___50k,withplt,11.992377321992535
array_sample_100k___50k,withplt,12.007377605012152
array_sample_100k___50k,noplt,12.453679586004
array_sample_100k___50k,noplt,12.59886570397066
array_sample_100k___50k,noplt,12.444264254008885
array_sample_100k___50k,noplt,12.46870723500615
array_sample_100k___50k,noplt,12.47827271494316
array_sample_100k___50k,noplt,12.464566882990766
array_sample_100k___50k,noplt,12.450062055955641
array_sample_100k___50k,noplt,12.46910690801451
array_sample_100k___50k,noplt,12.452079958980903
array_sample_100k___50k,noplt,12.425875834014732
array_shift,withplt,3.867737455992028
array_shift,withplt,3.8247600049944595
array_shift,withplt,3.8618271280429326
array_shift,withplt,3.834610635007266
array_shift,withplt,3.846824872016441
array_shift,withplt,3.8622212479822338
array_shift,withplt,3.8824646499706432
array_shift,withplt,3.7869782079942524
array_shift,withplt,3.8359946029959247
array_shift,withplt,3.86621612199815
array_shift,noplt,4.17985105299158
array_shift,noplt,4.0779488980188034
array_shift,noplt,4.115765392023604
array_shift,noplt,4.138138377049472
array_shift,noplt,4.083109744009562
array_shift,noplt,4.063055488979444
array_shift,noplt,4.1063062060275115
array_shift,noplt,4.128088397032116
array_shift,noplt,4.142399819043931
array_shift,noplt,4.1209288950194605
array_small_and,withplt,0.01708314794814214
array_small_and,withplt,0.017099939985200763
array_small_and,withplt,0.017029026988893747
array_small_and,withplt,0.016879465023521334
array_small_and,withplt,0.017265722970478237
array_small_and,withplt,0.01706694799941033
array_small_and,withplt,0.01709454000229016
array_small_and,withplt,0.017041990999132395
array_small_and,withplt,0.01732963399263099
array_small_and,withplt,0.017076095973607153
array_small_and,noplt,0.016968182055279613
array_small_and,noplt,0.0169612190220505
array_small_and,noplt,0.017109539010562003
array_small_and,noplt,0.01728524995269254
array_small_and,noplt,0.01706293097231537
array_small_and,noplt,0.017260344000533223
array_small_and,noplt,0.017378685995936394
array_small_and,noplt,0.017142059979960322
array_small_and,noplt,0.0170912750181742
array_small_and,noplt,0.017026272020302713
array_small_diff,withplt,0.018150511023122817
array_small_diff,withplt,0.01810436404775828
array_small_diff,withplt,0.01809167000465095
array_small_diff,withplt,0.01803818898042664
array_small_diff,withplt,0.017986232007388026
array_small_diff,withplt,0.018157254031393677
array_small_diff,withplt,0.017802544054575264
array_small_diff,withplt,0.018226935004349798
array_small_diff,withplt,0.018086270021740347
array_small_diff,withplt,0.018068095028866082
array_small_diff,noplt,0.016553881054278463
array_small_diff,noplt,0.016635174048133194
array_small_diff,noplt,0.016559080977458507
array_small_diff,noplt,0.016645644034724683
array_small_diff,noplt,0.01626835303613916
array_small_diff,noplt,0.01647602498997003
array_small_diff,noplt,0.016325891949236393
array_small_diff,noplt,0.01655423198826611
array_small_diff,noplt,0.016394180012866855
array_small_diff,noplt,0.01668306498322636
array_small_or,withplt,0.025452853995375335
array_small_or,withplt,0.025226928992196918
array_small_or,withplt,0.025210158026311547
array_small_or,withplt,0.02507026301464066
array_small_or,withplt,0.0253897660295479
array_small_or,withplt,0.02509150397963822
array_small_or,withplt,0.02583233901532367
array_small_or,withplt,0.02518050099024549
array_small_or,withplt,0.024972228973638266
array_small_or,withplt,0.0252618640079163
array_small_or,noplt,0.023656347999349236
array_small_or,noplt,0.023688328976277262
array_small_or,noplt,0.02401253895368427
array_small_or,noplt,0.023799507995136082
array_small_or,noplt,0.02370489900931716
array_small_or,noplt,0.023403592000249773
array_small_or,noplt,0.023658311984036118
array_small_or,noplt,0.023337588005233556
array_small_or,noplt,0.023961894039530307
array_small_or,noplt,0.02368936996208504
array_sort_block,withplt,6.29162604699377
array_sort_block,withplt,6.372597615991253
array_sort_block,withplt,6.360711934044957
array_sort_block,withplt,6.275158561998978
array_sort_block,withplt,6.302151218988001
array_sort_block,withplt,6.305693848000374
array_sort_block,withplt,6.33826453902293
array_sort_block,withplt,6.30024334701011
array_sort_block,withplt,6.323061427043285
array_sort_block,withplt,6.276090066006873
array_sort_block,noplt,5.54910258500604
array_sort_block,noplt,5.499543447978795
array_sort_block,noplt,5.542638759012334
array_sort_block,noplt,5.5359328130143695
array_sort_block,noplt,5.594242390012369
array_sort_block,noplt,5.475606357038487
array_sort_block,noplt,5.5489886840223335
array_sort_block,noplt,5.4893771699862555
array_sort_block,noplt,5.605451303999871
array_sort_block,noplt,5.560749021999072
array_sort_float,withplt,1.895249703025911
array_sort_float,withplt,1.9061044019763358
array_sort_float,withplt,1.892258393985685
array_sort_float,withplt,1.7977220499888062
array_sort_float,withplt,1.777678019949235
array_sort_float,withplt,1.8356422310462222
array_sort_float,withplt,1.8073088569799438
array_sort_float,withplt,1.8439120270195417
array_sort_float,withplt,1.8680896369623952
array_sort_float,withplt,1.8534203569870442
array_sort_float,noplt,2.031092313991394
array_sort_float,noplt,1.966919048980344
array_sort_float,noplt,2.027390775969252
array_sort_float,noplt,1.9711953480145894
array_sort_float,noplt,1.9669344270369038
array_sort_float,noplt,1.966571802040562
array_sort_float,noplt,1.96545984497061
array_sort_float,noplt,1.9998204879811965
array_sort_float,noplt,2.0297733329935
array_sort_float,noplt,1.9821560730342753
array_values_at_int,withplt,0.010804454039316624
array_values_at_int,withplt,0.010730565001722425
array_values_at_int,withplt,0.010963313980028033
array_values_at_int,withplt,0.011010091984644532
array_values_at_int,withplt,0.010872262006159872
array_values_at_int,withplt,0.010874857020098716
array_values_at_int,withplt,0.010837966983672231
array_values_at_int,withplt,0.010900515015237033
array_values_at_int,withplt,0.010852124018128961
array_values_at_int,withplt,0.011000573984347284
array_values_at_int,noplt,0.01045367302140221
array_values_at_int,noplt,0.010261830990202725
array_values_at_int,noplt,0.010723991959821433
array_values_at_int,noplt,0.010317325999494642
array_values_at_int,noplt,0.01020268996944651
array_values_at_int,noplt,0.010280646965838969
array_values_at_int,noplt,0.010291968996170908
array_values_at_int,noplt,0.010285696014761925
array_values_at_int,noplt,0.010297940054442734
array_values_at_int,noplt,0.010225824022199959
array_values_at_range,withplt,0.21808115096064284
array_values_at_range,withplt,0.19736767001450062
array_values_at_range,withplt,0.19505681499140337
array_values_at_range,withplt,0.21108720800839365
array_values_at_range,withplt,0.21045628999127075
array_values_at_range,withplt,0.2125164020108059
array_values_at_range,withplt,0.22082223696634173
array_values_at_range,withplt,0.21260290499776602
array_values_at_range,withplt,0.21120490098837763
array_values_at_range,withplt,0.2128073400235735
array_values_at_range,noplt,0.3384196960250847
array_values_at_range,noplt,0.20935043500503525
array_values_at_range,noplt,0.19549322698730975
array_values_at_range,noplt,0.2103977689985186
array_values_at_range,noplt,0.38428885996108875
array_values_at_range,noplt,0.3794136309879832
array_values_at_range,noplt,0.38001415302278474
array_values_at_range,noplt,0.21172793698497117
array_values_at_range,noplt,0.2200961680500768
array_values_at_range,noplt,0.19500990601954982
bighash,withplt,1.5870973400305957
bighash,withplt,1.6110163120320067
bighash,withplt,1.6132778839673847
bighash,withplt,1.6097666660207324
bighash,withplt,1.617741667025257
bighash,withplt,1.6098917910130695
bighash,withplt,1.612845056981314
bighash,withplt,1.6057726769940928
bighash,withplt,1.609037839982193
bighash,withplt,1.6026157549931668
bighash,noplt,1.6153786400100216
bighash,noplt,1.6086390769924037
bighash,noplt,1.6074365600361489
bighash,noplt,1.616989595000632
bighash,noplt,1.6079465209622867
bighash,noplt,1.6032868179609068
bighash,noplt,1.5982151179923676
bighash,noplt,1.6085711169871502
bighash,noplt,1.605989770963788
bighash,noplt,1.6130876879906282
escape_html_blank,withplt,1.6364899770123884
escape_html_blank,withplt,1.5541002570535056
escape_html_blank,withplt,1.5625889860093594
escape_html_blank,withplt,1.6900705639855005
escape_html_blank,withplt,1.6837320569902658
escape_html_blank,withplt,1.7074099029996432
escape_html_blank,withplt,1.556488998059649
escape_html_blank,withplt,1.497363307978958
escape_html_blank,withplt,1.6748777259490453
escape_html_blank,withplt,1.5500238200183958
escape_html_blank,noplt,1.40615069802152
escape_html_blank,noplt,1.4084332089987583
escape_html_blank,noplt,1.4059064570465125
escape_html_blank,noplt,1.4059016169630922
escape_html_blank,noplt,1.4122878939961083
escape_html_blank,noplt,1.4086725510424003
escape_html_blank,noplt,1.4397050899569876
escape_html_blank,noplt,1.4526029879925773
escape_html_blank,noplt,1.4099763160338625
escape_html_blank,noplt,1.4121175410691649
escape_html_short_none,withplt,1.8770282700425014
escape_html_short_none,withplt,1.804164087981917
escape_html_short_none,withplt,1.7482597289490514
escape_html_short_none,withplt,1.8303252450423315
escape_html_short_none,withplt,1.8401217279606499
escape_html_short_none,withplt,1.8735855389968492
escape_html_short_none,withplt,1.8361992329591885
escape_html_short_none,withplt,1.8581996189896017
escape_html_short_none,withplt,1.8130235399585217
escape_html_short_none,withplt,1.8514818859985098
escape_html_short_none,noplt,1.588768184010405
escape_html_short_none,noplt,1.66955940797925
escape_html_short_none,noplt,1.6292513760272413
escape_html_short_none,noplt,1.6280698589980602
escape_html_short_none,noplt,1.5948719680309296
escape_html_short_none,noplt,1.6294364029890858
escape_html_short_none,noplt,1.6307333980221301
escape_html_short_none,noplt,1.6275410309899598
escape_html_short_none,noplt,1.6274323759716935
escape_html_short_none,noplt,1.604418677976355
escape_html_short_one,withplt,2.5655144799966365
escape_html_short_one,withplt,2.5312096609850414
escape_html_short_one,withplt,2.563983811996877
escape_html_short_one,withplt,2.5475499370368198
escape_html_short_one,withplt,2.545924723963253
escape_html_short_one,withplt,2.5584573830128647
escape_html_short_one,withplt,2.580783983983565
escape_html_short_one,withplt,2.560014717048034
escape_html_short_one,withplt,2.6331706400378607
escape_html_short_one,withplt,2.624455090961419
escape_html_short_one,noplt,2.1442063450231217
escape_html_short_one,noplt,2.0704570209491067
escape_html_short_one,noplt,2.060795442026574
escape_html_short_one,noplt,2.0654187260079198
escape_html_short_one,noplt,2.0902711959788576
escape_html_short_one,noplt,2.074332664022222
escape_html_short_one,noplt,2.128604855039157
escape_html_short_one,noplt,2.0773540580412373
escape_html_short_one,noplt,2.0373264140216634
escape_html_short_one,noplt,2.1082207239815034
escape_html_short_all,withplt,1.0774095100350678
escape_html_short_all,withplt,1.0478086300427094
escape_html_short_all,withplt,1.0508816100191325
escape_html_short_all,withplt,1.0709480820805766
escape_html_short_all,withplt,1.06978848495055
escape_html_short_all,withplt,1.029167283035349
escape_html_short_all,withplt,1.0535560800344683
escape_html_short_all,withplt,1.0589147509890608
escape_html_short_all,withplt,1.0843069489928894
escape_html_short_all,withplt,1.0497666880255565
escape_html_short_all,noplt,0.8743065950111486
escape_html_short_all,noplt,0.8791607040329836
escape_html_short_all,noplt,0.8900116760050878
escape_html_short_all,noplt,0.8945576830301434
escape_html_short_all,noplt,0.8716617489699274
escape_html_short_all,noplt,0.8591546359821223
escape_html_short_all,noplt,0.8828407290275209
escape_html_short_all,noplt,0.8759197250474244
escape_html_short_all,noplt,0.8758422369719483
escape_html_short_all,noplt,0.8684004620299675
escape_html_long_none,withplt,3.4710717580164783
escape_html_long_none,withplt,3.472281799011398
escape_html_long_none,withplt,3.466697392053902
escape_html_long_none,withplt,3.45889426197391
escape_html_long_none,withplt,3.466901230975054
escape_html_long_none,withplt,3.471480723004788
escape_html_long_none,withplt,3.4684432959766127
escape_html_long_none,withplt,3.4626100310124457
escape_html_long_none,withplt,3.46669590100646
escape_html_long_none,withplt,3.456541310006287
escape_html_long_none,noplt,3.433833479997702
escape_html_long_none,noplt,3.43807904003188
escape_html_long_none,noplt,3.43292097694939
escape_html_long_none,noplt,3.4266000539646484
escape_html_long_none,noplt,3.428787534008734
escape_html_long_none,noplt,3.4258251499850303
escape_html_long_none,noplt,3.429661708942149
escape_html_long_none,noplt,3.42885791399749
escape_html_long_none,noplt,3.4305042650084943
escape_html_long_none,noplt,3.4292550290119834
escape_html_long_all,withplt,0.4378071359824389
escape_html_long_all,withplt,0.43747539998730645
escape_html_long_all,withplt,0.44827057601651177
escape_html_long_all,withplt,0.43936160596786067
escape_html_long_all,withplt,0.44461735198274255
escape_html_long_all,withplt,0.44619944400619715
escape_html_long_all,withplt,0.44658578000962734
escape_html_long_all,withplt,0.44236195203848183
escape_html_long_all,withplt,0.45526609296211973
escape_html_long_all,withplt,0.44244056002935395
escape_html_long_all,noplt,0.3802769539761357
escape_html_long_all,noplt,0.3851296420325525
escape_html_long_all,noplt,0.38051830005133525
escape_html_long_all,noplt,0.3811449409695342
escape_html_long_all,noplt,0.3780137190478854
escape_html_long_all,noplt,0.37906195397954434
escape_html_long_all,noplt,0.38713434897363186
escape_html_long_all,noplt,0.3808539209421724
escape_html_long_all,noplt,0.3767268230440095
escape_html_long_all,noplt,0.3761601540027186
escape_html_real,withplt,1.0797093029832467
escape_html_real,withplt,1.0915759390336461
escape_html_real,withplt,1.1087184879579581
escape_html_real,withplt,1.0796301750233397
escape_html_real,withplt,1.0942325459909625
escape_html_real,withplt,1.080513898981735
escape_html_real,withplt,1.0924834689940326
escape_html_real,withplt,1.1065164489555173
escape_html_real,withplt,1.104024721949827
escape_html_real,withplt,1.0922660200158134
escape_html_real,noplt,1.067001371004153
escape_html_real,noplt,1.045303865976166
escape_html_real,noplt,1.054860107949935
escape_html_real,noplt,1.0460544399102218
escape_html_real,noplt,1.0347046079696156
escape_html_real,noplt,1.0563498850096948
escape_html_real,noplt,1.0701839890680276
escape_html_real,noplt,1.061064028996043
escape_html_real,noplt,1.0685873500769958
escape_html_real,noplt,1.0451272900099866
complex_float_add,withplt,0.08845742099219933
complex_float_add,withplt,0.0879911319934763
complex_float_add,withplt,0.08853612001985312
complex_float_add,withplt,0.08807745500234887
complex_float_add,withplt,0.08895812497939914
complex_float_add,withplt,0.08717132901074365
complex_float_add,withplt,0.08786169899394736
complex_float_add,withplt,0.08804629609221593
complex_float_add,withplt,0.08677446004003286
complex_float_add,withplt,0.0858107139938511
complex_float_add,noplt,0.09443032002309337
complex_float_add,noplt,0.09361595497466624
complex_float_add,noplt,0.09087676199851558
complex_float_add,noplt,0.09167721995618194
complex_float_add,noplt,0.09080819197697565
complex_float_add,noplt,0.09208296402357519
complex_float_add,noplt,0.09160139597952366
complex_float_add,noplt,0.0927857380011119
complex_float_add,noplt,0.09407943696714938
complex_float_add,noplt,0.09179519105236977
complex_float_div,withplt,0.2548662649933249
complex_float_div,withplt,0.26360953197581694
complex_float_div,withplt,0.26102355803595856
complex_float_div,withplt,0.2570569520466961
complex_float_div,withplt,0.25733760092407465
complex_float_div,withplt,0.25852167402626947
complex_float_div,withplt,0.25972639402607456
complex_float_div,withplt,0.2847600959939882
complex_float_div,withplt,0.2563283889903687
complex_float_div,withplt,0.251060921989847
complex_float_div,noplt,0.2615522650303319
complex_float_div,noplt,0.25743771996349096
complex_float_div,noplt,0.25578551593935117
complex_float_div,noplt,0.2569088829914108
complex_float_div,noplt,0.26604513300117105
complex_float_div,noplt,0.2534650129964575
complex_float_div,noplt,0.2578017159248702
complex_float_div,noplt,0.26553824701113626
complex_float_div,noplt,0.26201991603011265
complex_float_div,noplt,0.255971156002488
complex_float_mul,withplt,0.21750992501620203
complex_float_mul,withplt,0.2125487849698402
complex_float_mul,withplt,0.212353725975845
complex_float_mul,withplt,0.21377878199564293
complex_float_mul,withplt,0.21457406209083274
complex_float_mul,withplt,0.21470836497610435
complex_float_mul,withplt,0.21129887900315225
complex_float_mul,withplt,0.2158972549950704
complex_float_mul,withplt,0.21362587600015104
complex_float_mul,withplt,0.21606515196617693
complex_float_mul,noplt,0.18926862807711586
complex_float_mul,noplt,0.18873346800683066
complex_float_mul,noplt,0.19091447006212547
complex_float_mul,noplt,0.19267560803564265
complex_float_mul,noplt,0.19042552704922855
complex_float_mul,noplt,0.19273858703672886
complex_float_mul,noplt,0.18833651102613658
complex_float_mul,noplt,0.18870809103827924
complex_float_mul,noplt,0.1916077560163103
complex_float_mul,noplt,0.1884807919850573
complex_float_new,withplt,0.5846480450127274
complex_float_new,withplt,0.5911443200311624
complex_float_new,withplt,0.5851869700127281
complex_float_new,withplt,0.5879083499894477
complex_float_new,withplt,0.5841995989903808
complex_float_new,withplt,0.5783079239772633
complex_float_new,withplt,0.5877143539837562
complex_float_new,withplt,0.5903000669786707
complex_float_new,withplt,0.5841323219938204
complex_float_new,withplt,0.5836835269583389
complex_float_new,noplt,0.5436052870354615
complex_float_new,noplt,0.5469979729969054
complex_float_new,noplt,0.5493900809669867
complex_float_new,noplt,0.5430981940007769
complex_float_new,noplt,0.5470145450672135
complex_float_new,noplt,0.5547367870458402
complex_float_new,noplt,0.5485128370346501
complex_float_new,noplt,0.5544744139770046
complex_float_new,noplt,0.550579552014824
complex_float_new,noplt,0.5450715920305811
complex_float_power,withplt,0.4607639299938455
complex_float_power,withplt,0.4648468269733712
complex_float_power,withplt,0.467499056016095
complex_float_power,withplt,0.4785443529835902
complex_float_power,withplt,0.4671498959651217
complex_float_power,withplt,0.4696437780512497
complex_float_power,withplt,0.47427994600730017
complex_float_power,withplt,0.469089031976182
complex_float_power,withplt,0.46933496597921476
complex_float_power,withplt,0.46808640199014917
complex_float_power,noplt,0.41344708000542596
complex_float_power,noplt,0.4255826930166222
complex_float_power,noplt,0.5496650490094908
complex_float_power,noplt,0.40315164503408596
complex_float_power,noplt,0.3942844830453396
complex_float_power,noplt,0.40312297199852765
complex_float_power,noplt,0.5526524690212682
complex_float_power,noplt,0.4095930070616305
complex_float_power,noplt,0.40227486402727664
complex_float_power,noplt,0.41392148297745734
complex_float_sub,withplt,0.11063853703672066
complex_float_sub,withplt,0.11100574902957305
complex_float_sub,withplt,0.11170850502094254
complex_float_sub,withplt,0.11220955802127719
complex_float_sub,withplt,0.11077888199361041
complex_float_sub,withplt,0.11152591102290899
complex_float_sub,withplt,0.11225455399835482
complex_float_sub,withplt,0.11218997003743425
complex_float_sub,withplt,0.11130454199155793
complex_float_sub,withplt,0.1117810609866865
complex_float_sub,noplt,0.10061626700917259
complex_float_sub,noplt,0.10064441000577062
complex_float_sub,noplt,0.10067124094348401
complex_float_sub,noplt,0.09969268797431141
complex_float_sub,noplt,0.09999104897724465
complex_float_sub,noplt,0.10053933301242068
complex_float_sub,noplt,0.10122187895467505
complex_float_sub,noplt,0.10521847201744094
complex_float_sub,noplt,0.10086289199534804
complex_float_sub,noplt,0.10171583003830165
dir_empty_p,withplt,0.734511360002216
dir_empty_p,withplt,0.7377441139542498
dir_empty_p,withplt,0.7337447149911895
dir_empty_p,withplt,0.7331522280001082
dir_empty_p,withplt,0.7325073729734868
dir_empty_p,withplt,0.7335013970150612
dir_empty_p,withplt,0.7322368620079942
dir_empty_p,withplt,0.7340736750047654
dir_empty_p,withplt,0.7345641989959404
dir_empty_p,withplt,0.7333378070034087
dir_empty_p,noplt,0.7238902019453235
dir_empty_p,noplt,0.7260640480089933
dir_empty_p,noplt,0.722484452999197
dir_empty_p,noplt,0.7286943559884094
dir_empty_p,noplt,0.7277078070328571
dir_empty_p,noplt,0.7257962839794345
dir_empty_p,noplt,0.725600314035546
dir_empty_p,noplt,0.7255246120039374
dir_empty_p,noplt,0.7253203759901226
dir_empty_p,noplt,0.7281364939990453
enum_lazy_grep_v_20,withplt,0.20727601600810885
enum_lazy_grep_v_20,withplt,0.20576989697292447
enum_lazy_grep_v_20,withplt,0.20618272596038878
enum_lazy_grep_v_20,withplt,0.2043725830153562
enum_lazy_grep_v_20,withplt,0.20812682999530807
enum_lazy_grep_v_20,withplt,0.2079074660432525
enum_lazy_grep_v_20,withplt,0.20428254402941093
enum_lazy_grep_v_20,withplt,0.20895861700410023
enum_lazy_grep_v_20,withplt,0.20749449700815603
enum_lazy_grep_v_20,withplt,0.20602926600258797
enum_lazy_grep_v_20,noplt,0.19385807600338012
enum_lazy_grep_v_20,noplt,0.19387870602076873
enum_lazy_grep_v_20,noplt,0.19456655095564201
enum_lazy_grep_v_20,noplt,0.19449808297213167
enum_lazy_grep_v_20,noplt,0.1941122249700129
enum_lazy_grep_v_20,noplt,0.19533005997072905
enum_lazy_grep_v_20,noplt,0.19421664101537317
enum_lazy_grep_v_20,noplt,0.1941554169752635
enum_lazy_grep_v_20,noplt,0.19604656100273132
enum_lazy_grep_v_20,noplt,0.19510745099978521
enum_lazy_grep_v_50,withplt,0.2680938830017112
enum_lazy_grep_v_50,withplt,0.2679319280432537
enum_lazy_grep_v_50,withplt,0.2668336979695596
enum_lazy_grep_v_50,withplt,0.27025280200177804
enum_lazy_grep_v_50,withplt,0.2691886670072563
enum_lazy_grep_v_50,withplt,0.2676099100499414
enum_lazy_grep_v_50,withplt,0.2684445239719935
enum_lazy_grep_v_50,withplt,0.2668813479831442
enum_lazy_grep_v_50,withplt,0.2708333259797655
enum_lazy_grep_v_50,withplt,0.26910251402296126
enum_lazy_grep_v_50,noplt,0.24150168302003294
enum_lazy_grep_v_50,noplt,0.24141518003307283
enum_lazy_grep_v_50,noplt,0.24275720899458975
enum_lazy_grep_v_50,noplt,0.2419749239925295
enum_lazy_grep_v_50,noplt,0.24382068403065205
enum_lazy_grep_v_50,noplt,0.24050621700007468
enum_lazy_grep_v_50,noplt,0.24239607900381088
enum_lazy_grep_v_50,noplt,0.24123387900181115
enum_lazy_grep_v_50,noplt,0.24231696903007105
enum_lazy_grep_v_50,noplt,0.24075284198625013
enum_lazy_grep_v_100,withplt,0.3643857199931517
enum_lazy_grep_v_100,withplt,0.3627748229773715
enum_lazy_grep_v_100,withplt,0.3622643720009364
enum_lazy_grep_v_100,withplt,0.3659161649993621
enum_lazy_grep_v_100,withplt,0.3586261640302837
enum_lazy_grep_v_100,withplt,0.3616775859845802
enum_lazy_grep_v_100,withplt,0.3616450340487063
enum_lazy_grep_v_100,withplt,0.35921169799985364
enum_lazy_grep_v_100,withplt,0.367579368990846
enum_lazy_grep_v_100,withplt,0.36131907999515533
enum_lazy_grep_v_100,noplt,0.32014061900554225
enum_lazy_grep_v_100,noplt,0.3161048730253242
enum_lazy_grep_v_100,noplt,0.3185596379917115
enum_lazy_grep_v_100,noplt,0.3218205139855854
enum_lazy_grep_v_100,noplt,0.3177712030010298
enum_lazy_grep_v_100,noplt,0.31655442900955677
enum_lazy_grep_v_100,noplt,0.31615107000106946
enum_lazy_grep_v_100,noplt,0.3167893619975075
enum_lazy_grep_v_100,noplt,0.3159296010271646
enum_lazy_grep_v_100,noplt,0.31827969005098566
enum_lazy_uniq_20,withplt,0.2706936320173554
enum_lazy_uniq_20,withplt,0.2735978570417501
enum_lazy_uniq_20,withplt,0.27219269797205925
enum_lazy_uniq_20,withplt,0.2718101780046709
enum_lazy_uniq_20,withplt,0.27215208200505003
enum_lazy_uniq_20,withplt,0.27320734097156674
enum_lazy_uniq_20,withplt,0.2715085390373133
enum_lazy_uniq_20,withplt,0.27403844700893387
enum_lazy_uniq_20,withplt,0.2765874909819104
enum_lazy_uniq_20,withplt,0.274243313993793
enum_lazy_uniq_20,noplt,0.24060796899721026
enum_lazy_uniq_20,noplt,0.24024738796288148
enum_lazy_uniq_20,noplt,0.24001419899286702
enum_lazy_uniq_20,noplt,0.23893378296634182
enum_lazy_uniq_20,noplt,0.2391503409598954
enum_lazy_uniq_20,noplt,0.24081815395038575
enum_lazy_uniq_20,noplt,0.2407177549903281
enum_lazy_uniq_20,noplt,0.23987874400336295
enum_lazy_uniq_20,noplt,0.2409562449902296
enum_lazy_uniq_20,noplt,0.23963222902966663
enum_lazy_uniq_50,withplt,0.36285258003044873
enum_lazy_uniq_50,withplt,0.36187227099435404
enum_lazy_uniq_50,withplt,0.36131747701438144
enum_lazy_uniq_50,withplt,0.36489408795023337
enum_lazy_uniq_50,withplt,0.3676257560146041
enum_lazy_uniq_50,withplt,0.3635970529867336
enum_lazy_uniq_50,withplt,0.35820785496616736
enum_lazy_uniq_50,withplt,0.3699020369676873
enum_lazy_uniq_50,withplt,0.36313157598488033
enum_lazy_uniq_50,withplt,0.3620992299984209
enum_lazy_uniq_50,noplt,0.3167513500084169
enum_lazy_uniq_50,noplt,0.31019848998403177
enum_lazy_uniq_50,noplt,0.3109461789717898
enum_lazy_uniq_50,noplt,0.3115198099985719
enum_lazy_uniq_50,noplt,0.3107613910106011
enum_lazy_uniq_50,noplt,0.31094824301544577
enum_lazy_uniq_50,noplt,0.3140093720285222
enum_lazy_uniq_50,noplt,0.3121946119936183
enum_lazy_uniq_50,noplt,0.31239288597134873
enum_lazy_uniq_50,noplt,0.3113257439690642
enum_lazy_uniq_100,withplt,0.5104559969622642
enum_lazy_uniq_100,withplt,0.5254604360088706
enum_lazy_uniq_100,withplt,0.5165803600102663
enum_lazy_uniq_100,withplt,0.5149007739964873
enum_lazy_uniq_100,withplt,0.5199999549658969
enum_lazy_uniq_100,withplt,0.5059701720019802
enum_lazy_uniq_100,withplt,0.5161761679919437
enum_lazy_uniq_100,withplt,0.515731149003841
enum_lazy_uniq_100,withplt,0.5163603750406764
enum_lazy_uniq_100,withplt,0.5277004389790818
enum_lazy_uniq_100,noplt,0.4324393839924596
enum_lazy_uniq_100,noplt,0.4455860129673965
enum_lazy_uniq_100,noplt,0.43897136504529044
enum_lazy_uniq_100,noplt,0.4416635590023361
enum_lazy_uniq_100,noplt,0.4345147750573233
enum_lazy_uniq_100,noplt,0.43495899299159646
enum_lazy_uniq_100,noplt,0.4361320540192537
enum_lazy_uniq_100,noplt,0.4360687149455771
enum_lazy_uniq_100,noplt,0.436138816003222
enum_lazy_uniq_100,noplt,0.432373818999622
erb_render,withplt,1.2801085949759
erb_render,withplt,1.2669331129873171
erb_render,withplt,1.26408089697361
erb_render,withplt,1.2981675519840792
erb_render,withplt,1.2847861009649932
erb_render,withplt,1.2837174679734744
erb_render,withplt,1.274265601998195
erb_render,withplt,1.3028888289700262
erb_render,withplt,1.2642617370001972
erb_render,withplt,1.2617905089864507
erb_render,noplt,1.0650471369735897
erb_render,noplt,1.0610635369666852
erb_render,noplt,1.0522614670335315
erb_render,noplt,1.0567917340085842
erb_render,noplt,1.0597720020450652
erb_render,noplt,1.050303738040384
erb_render,noplt,1.0628128239768557
erb_render,noplt,1.0555149590363726
erb_render,noplt,1.051328127970919
erb_render,noplt,1.0551761600072496
fiber_chain,withplt,1.2628793710027821
fiber_chain,withplt,1.2413111199857667
fiber_chain,withplt,1.2749456820311025
fiber_chain,withplt,1.245448466972448
fiber_chain,withplt,1.2552564719808288
fiber_chain,withplt,1.2607511189999059
fiber_chain,withplt,1.253073709027376
fiber_chain,withplt,1.2698763770167716
fiber_chain,withplt,1.2893248029868118
fiber_chain,withplt,1.275545893004164
fiber_chain,noplt,1.290215942019131
fiber_chain,noplt,1.2668587090447545
fiber_chain,noplt,1.2864941870211624
fiber_chain,noplt,1.2599517200142145
fiber_chain,noplt,1.2839577669510618
fiber_chain,noplt,1.2666558259516023
fiber_chain,noplt,1.2924826130038127
fiber_chain,noplt,1.2566774690058082
fiber_chain,noplt,1.2912456219783053
fiber_chain,noplt,1.2640744410455227
make_chain,withplt,0.26108507299795747
make_chain,withplt,0.2577623090473935
make_chain,withplt,0.260543008975219
make_chain,withplt,0.2596419519977644
make_chain,withplt,0.2602752959355712
make_chain,withplt,0.2602027279790491
make_chain,withplt,0.2597407169523649
make_chain,withplt,0.255856686970219
make_chain,withplt,0.2585060309502296
make_chain,withplt,0.2584903209935874
make_chain,noplt,0.2296318099834025
make_chain,noplt,0.227280888997484
make_chain,noplt,0.2286024499917403
make_chain,noplt,0.22584186703898013
make_chain,noplt,0.22852580598555505
make_chain,noplt,0.22731105599086732
make_chain,noplt,0.22563332301797345
make_chain,noplt,0.22827643499476835
make_chain,noplt,0.22506918001454324
make_chain,noplt,0.22742064204066992
resume_chain,withplt,1.2518752160249278
resume_chain,withplt,1.222907881019637
resume_chain,withplt,1.2398314770543948
resume_chain,withplt,1.2211029690224677
resume_chain,withplt,1.242721984977834
resume_chain,withplt,1.2311456369934604
resume_chain,withplt,1.247004966950044
resume_chain,withplt,1.2537429970689118
resume_chain,withplt,1.2302563809789717
resume_chain,withplt,1.218438725976739
resume_chain,noplt,1.256663340027444
resume_chain,noplt,1.2508388920105062
resume_chain,noplt,1.2427674610516988
resume_chain,noplt,1.2560993069782853
resume_chain,noplt,1.2725289619411342
resume_chain,noplt,1.2410870640305802
resume_chain,noplt,1.2204752859543078
resume_chain,noplt,1.2380585360224359
resume_chain,noplt,1.2263390860171057
resume_chain,noplt,1.2758397319703363
file_chmod,withplt,0.7098405540455133
file_chmod,withplt,0.7079586469917558
file_chmod,withplt,0.7068301899707876
file_chmod,withplt,0.7106285280315205
file_chmod,withplt,0.7122155500110239
file_chmod,withplt,0.7071454449906014
file_chmod,withplt,0.7097458650241606
file_chmod,withplt,0.7101886199670844
file_chmod,withplt,0.712755378044676
file_chmod,withplt,0.7089114930131473
file_chmod,noplt,0.6946232020272873
file_chmod,noplt,0.6997224840451963
file_chmod,noplt,0.6939908800413832
file_chmod,noplt,0.6889939130051062
file_chmod,noplt,0.6962313329568133
file_chmod,noplt,0.6921508130035363
file_chmod,noplt,0.6930916149867699
file_chmod,noplt,0.6972522679716349
file_chmod,noplt,0.6924837899859995
file_chmod,noplt,0.6937833499978296
file_rename,withplt,2.9140165980206802
file_rename,withplt,2.9066913109854795
file_rename,withplt,2.9064421810326166
file_rename,withplt,2.9276301250210963
file_rename,withplt,2.90918109199265
file_rename,withplt,2.9229295440018177
file_rename,withplt,2.9092339809867553
file_rename,withplt,2.919810413965024
file_rename,withplt,2.9432158379931934
file_rename,withplt,2.908983047003858
file_rename,noplt,2.891034087049775
file_rename,noplt,2.884598858014215
file_rename,noplt,2.8783358529908583
file_rename,noplt,2.8923938290099613
file_rename,noplt,2.900185053003952
file_rename,noplt,2.886608261964284
file_rename,noplt,2.8923993870266713
file_rename,noplt,2.8777055729879066
file_rename,noplt,2.8812527479603887
file_rename,noplt,2.8831612750072964
hash_aref_dsym,withplt,0.3387907950091176
hash_aref_dsym,withplt,0.3362948019639589
hash_aref_dsym,withplt,0.33036867098417133
hash_aref_dsym,withplt,0.3313918299973011
hash_aref_dsym,withplt,0.3315211939625442
hash_aref_dsym,withplt,0.33987912599695846
hash_aref_dsym,withplt,0.33291198598453775
hash_aref_dsym,withplt,0.3359776029828936
hash_aref_dsym,withplt,0.33882386703044176
hash_aref_dsym,withplt,0.332196046016179
hash_aref_dsym,noplt,0.30050260201096535
hash_aref_dsym,noplt,0.3074597339727916
hash_aref_dsym,noplt,0.299770713027101
hash_aref_dsym,noplt,0.32165601098677143
hash_aref_dsym,noplt,0.30547805898822844
hash_aref_dsym,noplt,0.2996602039784193
hash_aref_dsym,noplt,0.29835624602856115
hash_aref_dsym,noplt,0.3036054890253581
hash_aref_dsym,noplt,0.3016773659619503
hash_aref_dsym,noplt,0.3131806769524701
hash_aref_dsym_long,withplt,3.8766547970008105
hash_aref_dsym_long,withplt,3.873763255949598
hash_aref_dsym_long,withplt,3.8480846190359443
hash_aref_dsym_long,withplt,3.8683509239926934
hash_aref_dsym_long,withplt,3.9759348219959065
hash_aref_dsym_long,withplt,3.8673484629835
hash_aref_dsym_long,withplt,3.876880107971374
hash_aref_dsym_long,withplt,3.86300494504394
hash_aref_dsym_long,withplt,3.8633383830310777
hash_aref_dsym_long,withplt,3.8663436970091425
hash_aref_dsym_long,noplt,3.947441103984602
hash_aref_dsym_long,noplt,3.8356862739892676
hash_aref_dsym_long,noplt,3.8414888600236736
hash_aref_dsym_long,noplt,3.8447271609911695
hash_aref_dsym_long,noplt,3.9210158059722744
hash_aref_dsym_long,noplt,3.9838286719750613
hash_aref_dsym_long,noplt,3.8568153730011545
hash_aref_dsym_long,noplt,3.850083804980386
hash_aref_dsym_long,noplt,3.8479092459892854
hash_aref_dsym_long,noplt,3.859519508027006
hash_aref_fix,withplt,0.3413579320185818
hash_aref_fix,withplt,0.33418319904012606
hash_aref_fix,withplt,0.3453212130116299
hash_aref_fix,withplt,0.33581890299683437
hash_aref_fix,withplt,0.336011536011938
hash_aref_fix,withplt,0.3391567239887081
hash_aref_fix,withplt,0.3354256519814953
hash_aref_fix,withplt,0.3322037190082483
hash_aref_fix,withplt,0.3418392689782195
hash_aref_fix,withplt,0.35765700199408457
hash_aref_fix,noplt,0.31386009603738785
hash_aref_fix,noplt,0.30685727804666385
hash_aref_fix,noplt,0.3104075490264222
hash_aref_fix,noplt,0.31607398798223585
hash_aref_fix,noplt,0.31356399704236537
hash_aref_fix,noplt,0.31978536397218704
hash_aref_fix,noplt,0.307301405002363
hash_aref_fix,noplt,0.31016116397222504
hash_aref_fix,noplt,0.3147248859750107
hash_aref_fix,noplt,0.3136389590217732
hash_aref_flo,withplt,0.03660011198371649
hash_aref_flo,withplt,0.03682619804749265
hash_aref_flo,withplt,0.03722560004098341
hash_aref_flo,withplt,0.03704740502871573
hash_aref_flo,withplt,0.03710381098790094
hash_aref_flo,withplt,0.037196776014752686
hash_aref_flo,withplt,0.037403966998681426
hash_aref_flo,withplt,0.036854712991043925
hash_aref_flo,withplt,0.03699683997547254
hash_aref_flo,withplt,0.03705305600306019
hash_aref_flo,noplt,0.03393068996956572
hash_aref_flo,noplt,0.03363403200637549
hash_aref_flo,noplt,0.03402011899743229
hash_aref_flo,noplt,0.033683375047985464
hash_aref_flo,noplt,0.03426111303269863
hash_aref_flo,noplt,0.034376901981886476
hash_aref_flo,noplt,0.03424564498709515
hash_aref_flo,noplt,0.034307991969399154
hash_aref_flo,noplt,0.0342071820050478
hash_aref_flo,noplt,0.034097254974767566
hash_aref_miss,withplt,0.537923066993244
hash_aref_miss,withplt,0.5248013359960169
hash_aref_miss,withplt,0.5437934810179286
hash_aref_miss,withplt,0.5463230190216564
hash_aref_miss,withplt,0.5497406799695455
hash_aref_miss,withplt,0.5547111190389842
hash_aref_miss,withplt,0.5564424920012243
hash_aref_miss,withplt,0.5432296189828776
hash_aref_miss,withplt,0.5492650539963506
hash_aref_miss,withplt,0.5443547089817002
hash_aref_miss,noplt,0.5092902410542592
hash_aref_miss,noplt,0.5152110710041597
hash_aref_miss,noplt,0.51373672101181
hash_aref_miss,noplt,0.504565506009385
hash_aref_miss,noplt,0.5090072780149058
hash_aref_miss,noplt,0.5130034789908677
hash_aref_miss,noplt,0.5236945790238678
hash_aref_miss,noplt,0.5100047380547039
hash_aref_miss,noplt,0.5142249019700103
hash_aref_miss,noplt,0.5184247680008411
hash_aref_str,withplt,0.42263600998558104
hash_aref_str,withplt,0.42242119600996375
hash_aref_str,withplt,0.42339735495625064
hash_aref_str,withplt,0.42930689302738756
hash_aref_str,withplt,0.42600713402498513
hash_aref_str,withplt,0.4204438679735176
hash_aref_str,withplt,0.4286044890177436
hash_aref_str,withplt,0.4297194909886457
hash_aref_str,withplt,0.4324795529828407
hash_aref_str,withplt,0.43241765699349344
hash_aref_str,noplt,0.43074984301347286
hash_aref_str,noplt,0.42883326997980475
hash_aref_str,noplt,0.4194637319887988
hash_aref_str,noplt,0.4252982269972563
hash_aref_str,noplt,0.42988000402692705
hash_aref_str,noplt,0.43335912097245455
hash_aref_str,noplt,0.43241449003107846
hash_aref_str,noplt,0.4317715280340053
hash_aref_str,noplt,0.43180304899578914
hash_aref_str,noplt,0.43521950801368803
hash_aref_sym,withplt,0.33619786700000986
hash_aref_sym,withplt,0.3424589069909416
hash_aref_sym,withplt,0.3394560180022381
hash_aref_sym,withplt,0.3367072960245423
hash_aref_sym,withplt,0.3355593429878354
hash_aref_sym,withplt,0.33900042896857485
hash_aref_sym,withplt,0.3373082099715248
hash_aref_sym,withplt,0.338928141980432
hash_aref_sym,withplt,0.3340641050017439
hash_aref_sym,withplt,0.33626243902835995
hash_aref_sym,noplt,0.30944978300249204
hash_aref_sym,noplt,0.3017844259738922
hash_aref_sym,noplt,0.3072906240122393
hash_aref_sym,noplt,0.30081372702261433
hash_aref_sym,noplt,0.3243799429619685
hash_aref_sym,noplt,0.31140946701634675
hash_aref_sym,noplt,0.3084673709818162
hash_aref_sym,noplt,0.31307343300431967
hash_aref_sym,noplt,0.3079371509957127
hash_aref_sym,noplt,0.31314314395422116
hash_aref_sym_long,withplt,0.5069438189966604
hash_aref_sym_long,withplt,0.49354657798539847
hash_aref_sym_long,withplt,0.5110204719821922
hash_aref_sym_long,withplt,0.49980456300545484
hash_aref_sym_long,withplt,0.5076421549892984
hash_aref_sym_long,withplt,0.5046136070159264
hash_aref_sym_long,withplt,0.5124962530098855
hash_aref_sym_long,withplt,0.5064316929783672
hash_aref_sym_long,withplt,0.5129763680160977
hash_aref_sym_long,withplt,0.5068955469760112
hash_aref_sym_long,noplt,0.46252928796457127
hash_aref_sym_long,noplt,0.46461487899068743
hash_aref_sym_long,noplt,0.4728932320140302
hash_aref_sym_long,noplt,0.4619937099632807
hash_aref_sym_long,noplt,0.5119591110269539
hash_aref_sym_long,noplt,0.47104513901285827
hash_aref_sym_long,noplt,0.4536571869975887
hash_aref_sym_long,noplt,0.4696204629726708
hash_aref_sym_long,noplt,0.469490408024285
hash_aref_sym_long,noplt,0.46160168101778254
hash_flatten,withplt,0.18593305599642918
hash_flatten,withplt,0.18686875997809693
hash_flatten,withplt,0.18760048900730908
hash_flatten,withplt,0.18593475903617218
hash_flatten,withplt,0.19768615800421685
hash_flatten,withplt,0.18704006198095158
hash_flatten,withplt,0.18594841501908377
hash_flatten,withplt,0.1873513190075755
hash_flatten,withplt,0.19725963298697025
hash_flatten,withplt,0.18721362901851535
hash_flatten,noplt,0.18288428004598245
hash_flatten,noplt,0.18376319599337876
hash_flatten,noplt,0.18417809897800907
hash_flatten,noplt,0.18389475403819233
hash_flatten,noplt,0.1836841870099306
hash_flatten,noplt,0.18321414099773392
hash_flatten,noplt,0.1833446070086211
hash_flatten,noplt,0.18386634095804766
hash_flatten,noplt,0.18275539699243382
hash_flatten,noplt,0.18321489304071292
hash_ident_flo,withplt,0.0350623139529489
hash_ident_flo,withplt,0.03472449700348079
hash_ident_flo,withplt,0.03472749196225777
hash_ident_flo,withplt,0.03464342496590689
hash_ident_flo,withplt,0.03460896899923682
hash_ident_flo,withplt,0.03509357199072838
hash_ident_flo,withplt,0.03453217400237918
hash_ident_flo,withplt,0.034569895011372864
hash_ident_flo,withplt,0.034649725013878196
hash_ident_flo,withplt,0.03483887197216973
hash_ident_flo,noplt,0.031249597028363496
hash_ident_flo,noplt,0.03136096801608801
hash_ident_flo,noplt,0.03126072901068255
hash_ident_flo,noplt,0.031185006024315953
hash_ident_flo,noplt,0.031346249976195395
hash_ident_flo,noplt,0.03134124999633059
hash_ident_flo,noplt,0.03148407000117004
hash_ident_flo,noplt,0.03126231103669852
hash_ident_flo,noplt,0.031178864010144025
hash_ident_flo,noplt,0.031449024041648954
hash_ident_num,withplt,0.3294259430258535
hash_ident_num,withplt,0.3361839700373821
hash_ident_num,withplt,0.32437267899513245
hash_ident_num,withplt,0.3253033729852177
hash_ident_num,withplt,0.32723042502766475
hash_ident_num,withplt,0.32434941502287984
hash_ident_num,withplt,0.3218972019967623
hash_ident_num,withplt,0.3264770249952562
hash_ident_num,withplt,0.3281954739941284
hash_ident_num,withplt,0.32057660404825583
hash_ident_num,noplt,0.2914217439829372
hash_ident_num,noplt,0.29369431803934276
hash_ident_num,noplt,0.3010014410247095
hash_ident_num,noplt,0.29969111998798326
hash_ident_num,noplt,0.29645441100001335
hash_ident_num,noplt,0.29430362599669024
hash_ident_num,noplt,0.2998967279563658
hash_ident_num,noplt,0.30137203802587464
hash_ident_num,noplt,0.3027595939929597
hash_ident_num,noplt,0.2914355309912935
hash_ident_obj,withplt,0.3290115120471455
hash_ident_obj,withplt,0.32673809700645506
hash_ident_obj,withplt,0.3238420069683343
hash_ident_obj,withplt,0.3248513409635052
hash_ident_obj,withplt,0.3245984440436587
hash_ident_obj,withplt,0.3266689970041625
hash_ident_obj,withplt,0.3226916810381226
hash_ident_obj,withplt,0.3276778879808262
hash_ident_obj,withplt,0.32363397697918117
hash_ident_obj,withplt,0.32896928198169917
hash_ident_obj,noplt,0.28774129797238857
hash_ident_obj,noplt,0.2918613229994662
hash_ident_obj,noplt,0.2943449739832431
hash_ident_obj,noplt,0.2980078069958836
hash_ident_obj,noplt,0.30273726099403575
hash_ident_obj,noplt,0.2950564249767922
hash_ident_obj,noplt,0.2949348359834403
hash_ident_obj,noplt,0.2961860339855775
hash_ident_obj,noplt,0.2911266689770855
hash_ident_obj,noplt,0.30352306296117604
hash_ident_str,withplt,0.33415850199526176
hash_ident_str,withplt,0.32153966900659725
hash_ident_str,withplt,0.32218708901200444
hash_ident_str,withplt,0.3259047560277395
hash_ident_str,withplt,0.3210803929832764
hash_ident_str,withplt,0.3198779569938779
hash_ident_str,withplt,0.33217934297863394
hash_ident_str,withplt,0.33366994198877364
hash_ident_str,withplt,0.3273257039836608
hash_ident_str,withplt,0.3186122110346332
hash_ident_str,noplt,0.2968990979716182
hash_ident_str,noplt,0.3030262250103988
hash_ident_str,noplt,0.3049659919925034
hash_ident_str,noplt,0.2929385830066167
hash_ident_str,noplt,0.29163381399121135
hash_ident_str,noplt,0.2906141330022365
hash_ident_str,noplt,0.29552211199188605
hash_ident_str,noplt,0.29872088198317215
hash_ident_str,noplt,0.3100440130219795
hash_ident_str,noplt,0.29651133698644117
hash_ident_sym,withplt,0.33311275200685486
hash_ident_sym,withplt,0.3356823339709081
hash_ident_sym,withplt,0.328372647985816
hash_ident_sym,withplt,0.33407541597262025
hash_ident_sym,withplt,0.33365399099420756
hash_ident_sym,withplt,0.332879421999678
hash_ident_sym,withplt,0.32892382703721523
hash_ident_sym,withplt,0.3345291399746202
hash_ident_sym,withplt,0.33041275199502707
hash_ident_sym,withplt,0.3316801310284063
hash_ident_sym,noplt,0.2972588560078293
hash_ident_sym,noplt,0.293752797995694
hash_ident_sym,noplt,0.2991350620286539
hash_ident_sym,noplt,0.3003795469994657
hash_ident_sym,noplt,0.30518658697837964
hash_ident_sym,noplt,0.33651472302153707
hash_ident_sym,noplt,0.2983784560346976
hash_ident_sym,noplt,0.2957931630080566
hash_ident_sym,noplt,0.30615442199632525
hash_ident_sym,noplt,0.3156873080297373
hash_keys,withplt,0.10836366703733802
hash_keys,withplt,0.10904066398506984
hash_keys,withplt,0.10985461802920327
hash_keys,withplt,0.11003648000769317
hash_keys,withplt,0.1094639910152182
hash_keys,withplt,0.11145710799610242
hash_keys,withplt,0.11056509701302275
hash_keys,withplt,0.10921384999528527
hash_keys,withplt,0.11079754400998354
hash_keys,withplt,0.10890852403827012
hash_keys,noplt,0.10886711697094142
hash_keys,noplt,0.10899462597444654
hash_keys,noplt,0.1098691449733451
hash_keys,noplt,0.10983248596312478
hash_keys,noplt,0.1106645839754492
hash_keys,noplt,0.10955037397798151
hash_keys,noplt,0.10958099196432158
hash_keys,noplt,0.10930248600197956
hash_keys,noplt,0.10996422497555614
hash_keys,noplt,0.10998450202168897
hash_literal_small2,withplt,0.44181378500070423
hash_literal_small2,withplt,0.43890914996154606
hash_literal_small2,withplt,0.442852200998459
hash_literal_small2,withplt,0.4413849859847687
hash_literal_small2,withplt,0.44045145699055865
hash_literal_small2,withplt,0.44371838396182284
hash_literal_small2,withplt,0.43914545502047986
hash_literal_small2,withplt,0.4433884720201604
hash_literal_small2,withplt,0.44345454702852294
hash_literal_small2,withplt,0.44057705299928784
hash_literal_small2,noplt,0.4195406049839221
hash_literal_small2,noplt,0.42615525203291327
hash_literal_small2,noplt,0.4182325689471327
hash_literal_small2,noplt,0.41813977604033425
hash_literal_small2,noplt,0.419750289991498
hash_literal_small2,noplt,0.4193108820472844
hash_literal_small2,noplt,0.41666303196689114
hash_literal_small2,noplt,0.4176719029783271
hash_literal_small2,noplt,0.4164172489545308
hash_literal_small2,noplt,0.4195836769649759
hash_literal_small4,withplt,0.4722738830023445
hash_literal_small4,withplt,0.46842131204903126
hash_literal_small4,withplt,0.47378166601993144
hash_literal_small4,withplt,0.4700363059528172
hash_literal_small4,withplt,0.469932259991765
hash_literal_small4,withplt,0.47323726903414354
hash_literal_small4,withplt,0.467518821998965
hash_literal_small4,withplt,0.47074142401106656
hash_literal_small4,withplt,0.4702496080426499
hash_literal_small4,withplt,0.47137731296243146
hash_literal_small4,noplt,0.4482208300032653
hash_literal_small4,noplt,0.4512479249970056
hash_literal_small4,noplt,0.44645080296322703
hash_literal_small4,noplt,0.4452310550259426
hash_literal_small4,noplt,0.44727805198635906
hash_literal_small4,noplt,0.4485383980209008
hash_literal_small4,noplt,0.44713702698936686
hash_literal_small4,noplt,0.4459033409948461
hash_literal_small4,noplt,0.4469714649603702
hash_literal_small4,noplt,0.4447053140029311
hash_literal_small8,withplt,0.584968633018434
hash_literal_small8,withplt,0.5774646300124004
hash_literal_small8,withplt,0.5837408590014093
hash_literal_small8,withplt,0.5813416580203921
hash_literal_small8,withplt,0.5797709370381199
hash_literal_small8,withplt,0.5848096029949374
hash_literal_small8,withplt,0.5752828679978848
hash_literal_small8,withplt,0.5817682910128497
hash_literal_small8,withplt,0.5874225790030323
hash_literal_small8,withplt,0.5862863570218906
hash_literal_small8,noplt,0.5503801730228588
hash_literal_small8,noplt,0.5578021620167419
hash_literal_small8,noplt,0.5573659900110215
hash_literal_small8,noplt,0.5566825309651904
hash_literal_small8,noplt,0.5553661400335841
hash_literal_small8,noplt,0.5567041430040263
hash_literal_small8,noplt,0.5503654649946839
hash_literal_small8,noplt,0.5576042479951866
hash_literal_small8,noplt,0.5565837839967571
hash_literal_small8,noplt,0.5557236740132794
hash_long,withplt,0.6453715160023421
hash_long,withplt,0.62980624003103
hash_long,withplt,0.6417322969646193
hash_long,withplt,0.6412214849842712
hash_long,withplt,0.6298010509926826
hash_long,withplt,0.6329823469859548
hash_long,withplt,0.6291302269673906
hash_long,withplt,0.6457452609902248
hash_long,withplt,0.6459034290164709
hash_long,withplt,0.6600437900051475
hash_long,noplt,0.6223370130173862
hash_long,noplt,0.6220607619616203
hash_long,noplt,0.6218782580108382
hash_long,noplt,0.6237641120096669
hash_long,noplt,0.6238662860123441
hash_long,noplt,0.6206199469743297
hash_long,noplt,0.622799283999484
hash_long,noplt,0.6218810039572418
hash_long,noplt,0.626056762994267
hash_long,noplt,0.6228149639791809
hash_shift,withplt,0.01259229303104803
hash_shift,withplt,0.012653639016207308
hash_shift,withplt,0.012752404960338026
hash_shift,withplt,0.01267198397545144
hash_shift,withplt,0.012628130964003503
hash_shift,withplt,0.01260313397506252
hash_shift,withplt,0.012586490949615836
hash_shift,withplt,0.012753167015034705
hash_shift,withplt,0.01256848796037957
hash_shift,withplt,0.012693363998550922
hash_shift,noplt,0.012032949016429484
hash_shift,noplt,0.012003773998003453
hash_shift,noplt,0.012018902983982116
hash_shift,noplt,0.012067814997863024
hash_shift,noplt,0.011922030011191964
hash_shift,noplt,0.012061311979778111
hash_shift,noplt,0.012173854978755116
hash_shift,noplt,0.012011689017526805
hash_shift,noplt,0.012124901986680925
hash_shift,noplt,0.012077342020347714
hash_shift_u16,withplt,0.0726892999955453
hash_shift_u16,withplt,0.07280582003295422
hash_shift_u16,withplt,0.07306439703097567
hash_shift_u16,withplt,0.07269318797625601
hash_shift_u16,withplt,0.07341499801259488
hash_shift_u16,withplt,0.07358310499694198
hash_shift_u16,withplt,0.07343786000274122
hash_shift_u16,withplt,0.07293514400953427
hash_shift_u16,withplt,0.07374443800654262
hash_shift_u16,withplt,0.0725418429938145
hash_shift_u16,noplt,0.07035266701132059
hash_shift_u16,noplt,0.07035051297862083
hash_shift_u16,noplt,0.07062116300221533
hash_shift_u16,noplt,0.069777493015863
hash_shift_u16,noplt,0.06988030602224171
hash_shift_u16,noplt,0.07049920299323276
hash_shift_u16,noplt,0.06944788101827726
hash_shift_u16,noplt,0.07047854398842901
hash_shift_u16,noplt,0.07002331496914849
hash_shift_u16,noplt,0.06974802701734006
hash_shift_u24,withplt,0.07257737999316305
hash_shift_u24,withplt,0.07325909397331998
hash_shift_u24,withplt,0.07351645897142589
hash_shift_u24,withplt,0.07326172001194209
hash_shift_u24,withplt,0.0730496589676477
hash_shift_u24,withplt,0.07321540202246979
hash_shift_u24,withplt,0.07339302700711414
hash_shift_u24,withplt,0.07368479704018682
hash_shift_u24,withplt,0.07342248200438917
hash_shift_u24,withplt,0.07307208201382309
hash_shift_u24,noplt,0.06945701903896406
hash_shift_u24,noplt,0.0706754939747043
hash_shift_u24,noplt,0.06951991701498628
hash_shift_u24,noplt,0.07004629797302186
hash_shift_u24,noplt,0.07015755900647491
hash_shift_u24,noplt,0.07010104099754244
hash_shift_u24,noplt,0.07018082303693518
hash_shift_u24,noplt,0.06989103701198474
hash_shift_u24,noplt,0.06945907295448706
hash_shift_u24,noplt,0.06912444101180881
hash_shift_u32,withplt,0.07296539098024368
hash_shift_u32,withplt,0.07235613203374669
hash_shift_u32,withplt,0.07267928100191057
hash_shift_u32,withplt,0.07224625500384718
hash_shift_u32,withplt,0.07332673197379336
hash_shift_u32,withplt,0.07229198096320033
hash_shift_u32,withplt,0.07335563702508807
hash_shift_u32,withplt,0.07271583104738966
hash_shift_u32,withplt,0.0730349009972997
hash_shift_u32,withplt,0.07315675204154104
hash_shift_u32,noplt,0.06913741596508771
hash_shift_u32,noplt,0.06981248798547313
hash_shift_u32,noplt,0.070502508955542
hash_shift_u32,noplt,0.06956034305039793
hash_shift_u32,noplt,0.06975115300156176
hash_shift_u32,noplt,0.0695223810034804
hash_shift_u32,noplt,0.069852153013926
hash_shift_u32,noplt,0.07054673199309036
hash_shift_u32,noplt,0.06964936095755547
hash_shift_u32,noplt,0.07035102299414575
hash_small2,withplt,0.580658268998377
hash_small2,withplt,0.5765369610162452
hash_small2,withplt,0.5820405830163509
hash_small2,withplt,0.5832071719923988
hash_small2,withplt,0.5792633889941499
hash_small2,withplt,0.576491084008012
hash_small2,withplt,0.5811027970048599
hash_small2,withplt,0.581336988019757
hash_small2,withplt,0.5777796730399132
hash_small2,withplt,0.5775260249502026
hash_small2,noplt,0.5448348409845494
hash_small2,noplt,0.5448041130439378
hash_small2,noplt,0.5468785119592212
hash_small2,noplt,0.5474721610080451
hash_small2,noplt,0.5459528270293958
hash_small2,noplt,0.5470311300014146
hash_small2,noplt,0.5482623509597033
hash_small2,noplt,0.5475689040031284
hash_small2,noplt,0.5439813220291398
hash_small2,noplt,0.5469997909967788
hash_small4,withplt,0.734073705971241
hash_small4,withplt,0.7332624070113525
hash_small4,withplt,0.7309043030254543
hash_small4,withplt,0.727823355991859
hash_small4,withplt,0.7323060639901087
hash_small4,withplt,0.7334200549521483
hash_small4,withplt,0.7333399830386043
hash_small4,withplt,0.7331914030364715
hash_small4,withplt,0.7345024840324186
hash_small4,withplt,0.728672495984938
hash_small4,noplt,0.6951120430021547
hash_small4,noplt,0.696336932014674
hash_small4,noplt,0.6967732640332542
hash_small4,noplt,0.6959015110041946
hash_small4,noplt,0.694472256989684
hash_small4,noplt,0.6950355989974923
hash_small4,noplt,0.6954638569732197
hash_small4,noplt,0.6965560049866326
hash_small4,noplt,0.6963965039467439
hash_small4,noplt,0.6961331780184992
hash_small8,withplt,1.0524441199959256
hash_small8,withplt,1.0496472190134227
hash_small8,withplt,1.0504130930057727
hash_small8,withplt,1.0495022960240021
hash_small8,withplt,1.051584449945949
hash_small8,withplt,1.0521359699778259
hash_small8,withplt,1.0443291059928015
hash_small8,withplt,1.0567534019937739
hash_small8,withplt,1.049835924000945
hash_small8,withplt,1.065531958010979
hash_small8,noplt,1.0021926400368102
hash_small8,noplt,0.9984362389659509
hash_small8,noplt,1.0109041489777155
hash_small8,noplt,1.0127815469750203
hash_small8,noplt,1.0200737200211734
hash_small8,noplt,1.001966572017409
hash_small8,noplt,1.0176981629920192
hash_small8,noplt,1.0048141200095415
hash_small8,noplt,1.015485753014218
hash_small8,noplt,1.0098142139613628
hash_to_proc,withplt,0.003980663022957742
hash_to_proc,withplt,0.003983817994594574
hash_to_proc,withplt,0.004116808995604515
hash_to_proc,withplt,0.004088325018528849
hash_to_proc,withplt,0.004068718000780791
hash_to_proc,withplt,0.004016059043351561
hash_to_proc,withplt,0.004117861040867865
hash_to_proc,withplt,0.00404010497732088
hash_to_proc,withplt,0.00404981296742335
hash_to_proc,withplt,0.004078085999935865
hash_to_proc,noplt,0.003658414992969483
hash_to_proc,noplt,0.0037263630074448884
hash_to_proc,noplt,0.0036037619574926794
hash_to_proc,noplt,0.003815181029494852
hash_to_proc,noplt,0.003782510000746697
hash_to_proc,noplt,0.0037496769800782204
hash_to_proc,noplt,0.0038215219974517822
hash_to_proc,noplt,0.003785494016483426
hash_to_proc,noplt,0.0037156330072320998
hash_to_proc,noplt,0.00367925496539101
hash_values,withplt,0.10945127700688317
hash_values,withplt,0.11102236795704812
hash_values,withplt,0.11097514897119254
hash_values,withplt,0.10940774501068518
hash_values,withplt,0.11104725499171764
hash_values,withplt,0.11029938497813419
hash_values,withplt,0.109175655990839
hash_values,withplt,0.1103461139719002
hash_values,withplt,0.10787294100737199
hash_values,withplt,0.1088204380357638
hash_values,noplt,0.11993988504400477
hash_values,noplt,0.12143418105551973
hash_values,noplt,0.12323143903631717
hash_values,noplt,0.12295290397014469
hash_values,noplt,0.12225192302139476
hash_values,noplt,0.12351902102818713
hash_values,noplt,0.12283840798772871
hash_values,noplt,0.12417621997883543
hash_values,noplt,0.12388525099959224
hash_values,noplt,0.12333755899453536
int_quo,withplt,1.0142514359904453
int_quo,withplt,1.025805331999436
int_quo,withplt,1.0184978999895975
int_quo,withplt,1.025244374992326
int_quo,withplt,1.0204812689917162
int_quo,withplt,1.018877975991927
int_quo,withplt,1.0182778360322118
int_quo,withplt,1.036440087016672
int_quo,withplt,1.0157370860106312
int_quo,withplt,1.015114011010155
int_quo,noplt,1.0188792489934713
int_quo,noplt,1.0208869019988924
int_quo,noplt,1.0234386619995348
int_quo,noplt,1.0087724000331946
int_quo,noplt,1.0212250689510256
int_quo,noplt,1.0200175329810008
int_quo,noplt,1.0246824760106392
int_quo,noplt,1.0053003760403953
int_quo,noplt,1.0201999870478176
int_quo,noplt,1.0242690260056406
io_copy_stream_write,withplt,0.22978841996518895
io_copy_stream_write,withplt,0.22954209701856598
io_copy_stream_write,withplt,0.22645326401107013
io_copy_stream_write,withplt,0.2289758080150932
io_copy_stream_write,withplt,0.2288848379976116
io_copy_stream_write,withplt,0.22891793004237115
io_copy_stream_write,withplt,0.22939525899710134
io_copy_stream_write,withplt,0.229990130988881
io_copy_stream_write,withplt,0.2286035169963725
io_copy_stream_write,withplt,0.23027132998686284
io_copy_stream_write,noplt,0.20448176300851628
io_copy_stream_write,noplt,0.20538680901518092
io_copy_stream_write,noplt,0.20553663198370486
io_copy_stream_write,noplt,0.20525513199390844
io_copy_stream_write,noplt,0.20718200295232236
io_copy_stream_write,noplt,0.20587339700432494
io_copy_stream_write,noplt,0.20510548999300227
io_copy_stream_write,noplt,0.2049258499755524
io_copy_stream_write,noplt,0.20469254098134115
io_copy_stream_write,noplt,0.20551476097898558
io_copy_stream_write_socket,withplt,0.5831634899950586
io_copy_stream_write_socket,withplt,0.5895767460460775
io_copy_stream_write_socket,withplt,0.5686309589655139
io_copy_stream_write_socket,withplt,0.5811475299997255
io_copy_stream_write_socket,withplt,0.5665084890206344
io_copy_stream_write_socket,withplt,0.5797834789846092
io_copy_stream_write_socket,withplt,0.5642216200358234
io_copy_stream_write_socket,withplt,0.5823280349723063
io_copy_stream_write_socket,withplt,0.5805927130277269
io_copy_stream_write_socket,withplt,0.5698980360175483
io_copy_stream_write_socket,noplt,0.5455157730029896
io_copy_stream_write_socket,noplt,0.5461253719986416
io_copy_stream_write_socket,noplt,0.549846415000502
io_copy_stream_write_socket,noplt,0.5595492120482959
io_copy_stream_write_socket,noplt,0.5506125700194389
io_copy_stream_write_socket,noplt,0.5564264770364389
io_copy_stream_write_socket,noplt,0.5642948460299522
io_copy_stream_write_socket,noplt,0.5547106229932979
io_copy_stream_write_socket,noplt,0.564078047988005
io_copy_stream_write_socket,noplt,0.5514238380128518
io_file_create,withplt,3.3012541590142064
io_file_create,withplt,3.3326520260307007
io_file_create,withplt,3.4132204159977846
io_file_create,withplt,3.3892236779793166
io_file_create,withplt,3.333978294976987
io_file_create,withplt,3.4087785329902545
io_file_create,withplt,3.313564019044861
io_file_create,withplt,3.4038810320198536
io_file_create,withplt,3.358548371004872
io_file_create,withplt,3.4187198480358347
io_file_create,noplt,3.2387913310085423
io_file_create,noplt,3.1899400299880654
io_file_create,noplt,3.235999748983886
io_file_create,noplt,3.2404224640340544
io_file_create,noplt,3.236188573995605
io_file_create,noplt,3.2389483749866486
io_file_create,noplt,3.243042982998304
io_file_create,noplt,3.2357913550222293
io_file_create,noplt,3.240109794016462
io_file_create,noplt,3.351259921968449
io_file_read,withplt,1.5506292330101132
io_file_read,withplt,1.5205934140249155
io_file_read,withplt,1.5345319929765537
io_file_read,withplt,1.5318641450139694
io_file_read,withplt,1.5269806620199233
io_file_read,withplt,1.5200360919698142
io_file_read,withplt,1.5261480110348202
io_file_read,withplt,1.5424772779806517
io_file_read,withplt,1.5303353540366516
io_file_read,withplt,1.5359970740391873
io_file_read,noplt,1.5519870310090482
io_file_read,noplt,1.532914544979576
io_file_read,noplt,1.525709344947245
io_file_read,noplt,1.5252881710184738
io_file_read,noplt,1.5434044259600341
io_file_read,noplt,1.5417447569780052
io_file_read,noplt,1.5226150429807603
io_file_read,noplt,1.5283079519867897
io_file_read,noplt,1.5281216949806549
io_file_read,noplt,1.5276733789942227
io_file_write,withplt,1.0626246070023626
io_file_write,withplt,1.0582671529846266
io_file_write,withplt,1.0743062550318427
io_file_write,withplt,1.0488761800224893
io_file_write,withplt,1.0702665399876423
io_file_write,withplt,1.0389802969875745
io_file_write,withplt,1.0434433290502056
io_file_write,withplt,1.035834526992403
io_file_write,withplt,1.0423758270335384
io_file_write,withplt,1.1036963399965316
io_file_write,noplt,0.9923459429992363
io_file_write,noplt,1.0013332220260054
io_file_write,noplt,0.9919319620239548
io_file_write,noplt,0.9890641759848222
io_file_write,noplt,0.994668540020939
io_file_write,noplt,1.0145725059555843
io_file_write,noplt,1.0001960180234164
io_file_write,noplt,0.9951449150103144
io_file_write,noplt,1.0018677370389923
io_file_write,noplt,0.9915319649735466
io_nonblock_noex,withplt,2.4542800720082596
io_nonblock_noex,withplt,2.459427763009444
io_nonblock_noex,withplt,2.4517060359939933
io_nonblock_noex,withplt,2.4592841179692186
io_nonblock_noex,withplt,2.4599520949996077
io_nonblock_noex,withplt,2.4526692460058257
io_nonblock_noex,withplt,2.4520361100439914
io_nonblock_noex,withplt,2.4584302899893373
io_nonblock_noex,withplt,2.4486015620059334
io_nonblock_noex,withplt,2.4574336880468763
io_nonblock_noex,noplt,2.342689444019925
io_nonblock_noex,noplt,2.3370213780435733
io_nonblock_noex,noplt,2.3298470929730684
io_nonblock_noex,noplt,2.3416534160496667
io_nonblock_noex,noplt,2.3426198650267906
io_nonblock_noex,noplt,2.331152649014257
io_nonblock_noex,noplt,2.329148149001412
io_nonblock_noex,noplt,2.3279076699982397
io_nonblock_noex,noplt,2.337361496000085
io_nonblock_noex,noplt,2.3413733069901355
io_nonblock_noex2,withplt,2.349608999036718
io_nonblock_noex2,withplt,2.3523202569922432
io_nonblock_noex2,withplt,2.3590487469919026
io_nonblock_noex2,withplt,2.3693948480067775
io_nonblock_noex2,withplt,2.362479329982307
io_nonblock_noex2,withplt,2.3678778039757162
io_nonblock_noex2,withplt,2.3689144969685003
io_nonblock_noex2,withplt,2.376058752008248
io_nonblock_noex2,withplt,2.3603729140013456
io_nonblock_noex2,withplt,2.375303575012367
io_nonblock_noex2,noplt,2.23616646399023
io_nonblock_noex2,noplt,2.244861261046026
io_nonblock_noex2,noplt,2.240030174027197
io_nonblock_noex2,noplt,2.235109767992981
io_nonblock_noex2,noplt,2.2443671450018883
io_nonblock_noex2,noplt,2.2452101340168156
io_nonblock_noex2,noplt,2.2492403090000153
io_nonblock_noex2,noplt,2.2233653150033206
io_nonblock_noex2,noplt,2.248478479043115
io_nonblock_noex2,noplt,2.2408057159627788
io_pipe_rw,withplt,1.9693367160507478
io_pipe_rw,withplt,1.9754242489580065
io_pipe_rw,withplt,1.971378653019201
io_pipe_rw,withplt,1.9675126450019889
io_pipe_rw,withplt,1.973008432018105
io_pipe_rw,withplt,1.9757904349826276
io_pipe_rw,withplt,1.971388436970301
io_pipe_rw,withplt,1.9985710220062174
io_pipe_rw,withplt,1.9675150740076788
io_pipe_rw,withplt,1.9717330919811502
io_pipe_rw,noplt,1.857545411970932
io_pipe_rw,noplt,1.8579965310054831
io_pipe_rw,noplt,1.854366387007758
io_pipe_rw,noplt,1.8611135040409863
io_pipe_rw,noplt,1.8606370250345208
io_pipe_rw,noplt,1.8720781999872997
io_pipe_rw,noplt,1.8567682610009797
io_pipe_rw,noplt,1.865711207035929
io_pipe_rw,noplt,1.848973668005783
io_pipe_rw,noplt,1.865240598039236
io_select,withplt,2.393616820045281
io_select,withplt,2.408608605968766
io_select,withplt,2.3913832569960505
io_select,withplt,2.3937888300279155
io_select,withplt,2.4188141979975626
io_select,withplt,2.419049640011508
io_select,withplt,2.4004794459906407
io_select,withplt,2.4164858339936472
io_select,withplt,2.415495567023754
io_select,withplt,2.4231359160039574
io_select,noplt,2.240902098012157
io_select,noplt,2.247474605042953
io_select,noplt,2.2460173970321193
io_select,noplt,2.2430775449611247
io_select,noplt,2.2554276310256682
io_select,noplt,2.25420062802732
io_select,noplt,2.2582774800248444
io_select,noplt,2.248559731990099
io_select,noplt,2.2449899130151607
io_select,noplt,2.2455073169548996
io_select2,withplt,3.089958830969408
io_select2,withplt,3.086757335055154
io_select2,withplt,3.090946638956666
io_select2,withplt,3.0675316829583608
io_select2,withplt,3.0793910829816014
io_select2,withplt,3.0808199039893225
io_select2,withplt,3.077461722015869
io_select2,withplt,3.070145951001905
io_select2,withplt,3.085527992050629
io_select2,withplt,3.0742450429825112
io_select2,noplt,2.9266497649950907
io_select2,noplt,2.960012487019412
io_select2,noplt,2.9354659789823927
io_select2,noplt,2.962303791020531
io_select2,noplt,2.944151205010712
io_select2,noplt,2.9328092350042425
io_select2,noplt,2.946425737987738
io_select2,noplt,2.949885147041641
io_select2,noplt,2.9492128980346024
io_select2,noplt,2.949947079992853
io_select3,withplt,0.02377819799585268
io_select3,withplt,0.024127016018610448
io_select3,withplt,0.02400068799033761
io_select3,withplt,0.023926967987790704
io_select3,withplt,0.02406992798205465
io_select3,withplt,0.02371910703368485
io_select3,withplt,0.02405923797050491
io_select3,withplt,0.024037306022364646
io_select3,withplt,0.02424461703049019
io_select3,withplt,0.024315039976499975
io_select3,noplt,0.021340003004297614
io_select3,noplt,0.021505593962501734
io_select3,noplt,0.02104774198960513
io_select3,noplt,0.02144562202738598
io_select3,noplt,0.021250003017485142
io_select3,noplt,0.02138695103349164
io_select3,noplt,0.021450692031066865
io_select3,noplt,0.021202343981713057
io_select3,noplt,0.021606354974210262
io_select3,noplt,0.02107862097909674
irb_color_complete,withplt,0.7968329610885121
irb_color_complete,withplt,0.7995560219860636
irb_color_complete,withplt,0.7963638060027733
irb_color_complete,withplt,0.8023991819936782
irb_color_complete,withplt,0.8014473170042038
irb_color_complete,withplt,0.8007236540433951
irb_color_complete,withplt,0.7971239479957148
irb_color_complete,withplt,0.7948591389576904
irb_color_complete,withplt,0.7966588820563629
irb_color_complete,withplt,0.8010553069761954
irb_color_complete,noplt,0.7621085790451616
irb_color_complete,noplt,0.7592618219787255
irb_color_complete,noplt,0.7581935389316641
irb_color_complete,noplt,0.7608880160260014
irb_color_complete,noplt,0.7616708530113101
irb_color_complete,noplt,0.7609646820346825
irb_color_complete,noplt,0.7560569610213861
irb_color_complete,noplt,0.7626658170484006
irb_color_complete,noplt,0.7560743039939553
irb_color_complete,noplt,0.7560026780120097
irb_color_incomplete,withplt,0.8189455259707756
irb_color_incomplete,withplt,0.793776176054962
irb_color_incomplete,withplt,0.798897750035394
irb_color_incomplete,withplt,0.795057259965688
irb_color_incomplete,withplt,0.8034037019242533
irb_color_incomplete,withplt,0.8011624469654635
irb_color_incomplete,withplt,0.7968193319975398
irb_color_incomplete,withplt,0.7970839989720844
irb_color_incomplete,withplt,0.7972332710050978
irb_color_incomplete,withplt,0.796260217030067
irb_color_incomplete,noplt,0.7601488310028799
irb_color_incomplete,noplt,0.7616092439857312
irb_color_incomplete,noplt,0.7519469920080155
irb_color_incomplete,noplt,0.7622252150322311
irb_color_incomplete,noplt,0.7592270739842206
irb_color_incomplete,noplt,0.7879145260085352
irb_color_incomplete,noplt,0.7584953850018792
irb_color_incomplete,noplt,0.7563729349640198
irb_color_incomplete,noplt,0.7581529200542718
irb_color_incomplete,noplt,0.7621416579931974
irb_exec,withplt,5.539540777041111
irb_exec,withplt,5.518802072037943
irb_exec,withplt,5.534162097959779
irb_exec,withplt,5.510351382021327
irb_exec,withplt,5.532870852039196
irb_exec,withplt,5.526964313990902
irb_exec,withplt,5.503761094005313
irb_exec,withplt,5.527307710959576
irb_exec,withplt,5.507931063009892
irb_exec,withplt,5.523996838950552
irb_exec,noplt,5.221402474038769
irb_exec,noplt,5.240984569012653
irb_exec,noplt,5.217392514983658
irb_exec,noplt,5.191576414043084
irb_exec,noplt,5.228626130963676
irb_exec,noplt,5.209877328015864
irb_exec,noplt,5.222508871986065
irb_exec,noplt,5.1815910849836655
irb_exec,noplt,5.199955195013899
irb_exec,noplt,5.181612837011926
loop_for,withplt,1.0667735600145534
loop_for,withplt,1.078774789988529
loop_for,withplt,1.071148965973407
loop_for,withplt,1.0733234849758446
loop_for,withplt,1.196394711965695
loop_for,withplt,1.0672247379552573
loop_for,withplt,1.0738047719933093
loop_for,withplt,1.074453313020058
loop_for,withplt,1.0694272490218282
loop_for,withplt,1.1710292809875682
loop_for,noplt,1.0812957999878563
loop_for,noplt,1.0805657330201939
loop_for,noplt,1.076567696989514
loop_for,noplt,1.0855168550042436
loop_for,noplt,1.1318178130313754
loop_for,noplt,1.0842132469988428
loop_for,noplt,1.0829089289763942
loop_for,noplt,1.0856469590216875
loop_for,noplt,1.0894885800080374
loop_for,noplt,1.0825256960233673
loop_generator,withplt,0.18881791702006012
loop_generator,withplt,0.18818479403853416
loop_generator,withplt,0.18885816301917657
loop_generator,withplt,0.18818786996416748
loop_generator,withplt,0.1914942719740793
loop_generator,withplt,0.18710844602901489
loop_generator,withplt,0.1876135179772973
loop_generator,withplt,0.1889146399917081
loop_generator,withplt,0.18916981999063864
loop_generator,withplt,0.19146766199264675
loop_generator,noplt,0.1651816270314157
loop_generator,noplt,0.16618294501677155
loop_generator,noplt,0.1666286649997346
loop_generator,noplt,0.1641396140330471
loop_generator,noplt,0.1657064569881186
loop_generator,noplt,0.1654129230300896
loop_generator,noplt,0.16585786204086617
loop_generator,noplt,0.16584749199682847
loop_generator,noplt,0.16622165800072253
loop_generator,noplt,0.16581301699625328
loop_times,withplt,0.9793147720047273
loop_times,withplt,0.9497706560068764
loop_times,withplt,0.9347688400303014
loop_times,withplt,0.9317225379636511
loop_times,withplt,0.9311866579810157
loop_times,withplt,0.9306060330127366
loop_times,withplt,0.9365585119812749
loop_times,withplt,0.9363320950069465
loop_times,withplt,0.9354121719952673
loop_times,withplt,0.9372237470233813
loop_times,noplt,0.9066821199958213
loop_times,noplt,0.9568011759547517
loop_times,noplt,0.9072097850148566
loop_times,noplt,0.912694651982747
loop_times,noplt,0.9235706619801931
loop_times,noplt,0.9294184840400703
loop_times,noplt,0.9028551660012454
loop_times,noplt,0.9130088040255941
loop_times,noplt,0.9144823919632472
loop_times,noplt,0.9054263819707558
loop_whileloop,withplt,0.3718903650296852
loop_whileloop,withplt,0.3731013970100321
loop_whileloop,withplt,0.3746243880013935
loop_whileloop,withplt,0.4555727210245095
loop_whileloop,withplt,0.3740263110375963
loop_whileloop,withplt,0.3768563149496913
loop_whileloop,withplt,0.3734238150063902
loop_whileloop,withplt,0.37316559796454385
loop_whileloop,withplt,0.3731546680210158
loop_whileloop,withplt,0.4360161799704656
loop_whileloop,noplt,0.3731771299499087
loop_whileloop,noplt,0.43314216297585517
loop_whileloop,noplt,0.4378438949934207
loop_whileloop,noplt,0.4382436989690177
loop_whileloop,noplt,0.4355536679504439
loop_whileloop,noplt,0.4419233030057512
loop_whileloop,noplt,0.43725649698171765
loop_whileloop,noplt,0.4355853879824281
loop_whileloop,noplt,0.43800731300143525
loop_whileloop,noplt,0.439134628046304
loop_whileloop2,withplt,0.07459440699312836
loop_whileloop2,withplt,0.07470034598372877
loop_whileloop2,withplt,0.07482618297217414
loop_whileloop2,withplt,0.08753236202755943
loop_whileloop2,withplt,0.0878440499654971
loop_whileloop2,withplt,0.07405781600391492
loop_whileloop2,withplt,0.08790732896886766
loop_whileloop2,withplt,0.08698264602571726
loop_whileloop2,withplt,0.08780240098712966
loop_whileloop2,withplt,0.08759142400231212
loop_whileloop2,noplt,0.08842448401264846
loop_whileloop2,noplt,0.087516481988132
loop_whileloop2,noplt,0.07732008403399959
loop_whileloop2,noplt,0.08775005198549479
loop_whileloop2,noplt,0.08675126999150962
loop_whileloop2,noplt,0.08769520901842043
loop_whileloop2,noplt,0.08734581101452932
loop_whileloop2,noplt,0.07456573197850958
loop_whileloop2,noplt,0.07472508295904845
loop_whileloop2,noplt,0.08683116099564359
marshal_dump_flo,withplt,0.28989365499000996
marshal_dump_flo,withplt,0.28885393700329587
marshal_dump_flo,withplt,0.2911287739989348
marshal_dump_flo,withplt,0.2857199190184474
marshal_dump_flo,withplt,0.28926431899890304
marshal_dump_flo,withplt,0.2893767819623463
marshal_dump_flo,withplt,0.2879200160386972
marshal_dump_flo,withplt,0.2921407009707764
marshal_dump_flo,withplt,0.28809683897998184
marshal_dump_flo,withplt,0.28736151300836354
marshal_dump_flo,noplt,0.2581593219656497
marshal_dump_flo,noplt,0.25618357805069536
marshal_dump_flo,noplt,0.25792600301792845
marshal_dump_flo,noplt,0.25492011703317985
marshal_dump_flo,noplt,0.2559863459900953
marshal_dump_flo,noplt,0.25605613901279867
marshal_dump_flo,noplt,0.2584117680089548
marshal_dump_flo,noplt,0.2557084130239673
marshal_dump_flo,noplt,0.25741937797283754
marshal_dump_flo,noplt,0.2578891130397096
marshal_dump_load_geniv,withplt,0.5445839190506376
marshal_dump_load_geniv,withplt,0.5536655059549958
marshal_dump_load_geniv,withplt,0.5496976870344952
marshal_dump_load_geniv,withplt,0.5433446529787034
marshal_dump_load_geniv,withplt,0.5523372930474579
marshal_dump_load_geniv,withplt,0.5435500300372951
marshal_dump_load_geniv,withplt,0.5463165539549664
marshal_dump_load_geniv,withplt,0.5424346280051395
marshal_dump_load_geniv,withplt,0.544893862970639
marshal_dump_load_geniv,withplt,0.5386686490382999
marshal_dump_load_geniv,noplt,0.4489805439952761
marshal_dump_load_geniv,noplt,0.44772981596179307
marshal_dump_load_geniv,noplt,0.4479464149917476
marshal_dump_load_geniv,noplt,0.44745806499850005
marshal_dump_load_geniv,noplt,0.445655416988302
marshal_dump_load_geniv,noplt,0.4487695970456116
marshal_dump_load_geniv,noplt,0.44939649797743186
marshal_dump_load_geniv,noplt,0.4488343080156483
marshal_dump_load_geniv,noplt,0.44712676998460665
marshal_dump_load_geniv,noplt,0.45135543996002525
marshal_dump_load_time,withplt,1.137966621958185
marshal_dump_load_time,withplt,1.1340192930074409
marshal_dump_load_time,withplt,1.1335886100423522
marshal_dump_load_time,withplt,1.1344279330223799
marshal_dump_load_time,withplt,1.136603944003582
marshal_dump_load_time,withplt,1.147643300006166
marshal_dump_load_time,withplt,1.138554639997892
marshal_dump_load_time,withplt,1.1347953140502796
marshal_dump_load_time,withplt,1.1181385889649391
marshal_dump_load_time,withplt,1.1408401770167984
marshal_dump_load_time,noplt,0.9741124360007234
marshal_dump_load_time,noplt,0.9772290810360573
marshal_dump_load_time,noplt,0.9663300680113025
marshal_dump_load_time,noplt,0.9658447129768319
marshal_dump_load_time,noplt,0.9749649229925126
marshal_dump_load_time,noplt,0.9760694650467485
marshal_dump_load_time,noplt,0.9690479199634865
marshal_dump_load_time,noplt,0.9671349949785508
marshal_dump_load_time,noplt,0.975981758965645
marshal_dump_load_time,noplt,0.968509154045023
match_gt4,withplt,0.6678020490217023
match_gt4,withplt,0.6639975589932874
match_gt4,withplt,0.6613070970051922
match_gt4,withplt,0.6618310349876992
match_gt4,withplt,0.6521143210120499
match_gt4,withplt,0.6637482880032621
match_gt4,withplt,0.6638028710149229
match_gt4,withplt,0.6560534849995747
match_gt4,withplt,0.6573320250026882
match_gt4,withplt,0.6634055620525032
match_gt4,noplt,0.5884094589855522
match_gt4,noplt,0.5804332050029188
match_gt4,noplt,0.5847435489995405
match_gt4,noplt,0.58211494499119
match_gt4,noplt,0.5848787130089477
match_gt4,noplt,0.590840880991891
match_gt4,noplt,0.5869013160117902
match_gt4,noplt,0.5761190640041605
match_gt4,noplt,0.5905496819759719
match_gt4,noplt,0.5849712479976006
match_small,withplt,0.6086819979827851
match_small,withplt,0.6001996610430069
match_small,withplt,0.6044924219604582
match_small,withplt,0.602679283998441
match_small,withplt,0.606247860006988
match_small,withplt,0.5990753910155036
match_small,withplt,0.615663145959843
match_small,withplt,0.6096854989882559
match_small,withplt,0.6033362229936756
match_small,withplt,0.6001408289885148
match_small,noplt,0.5152717370074242
match_small,noplt,0.5128469270421192
match_small,noplt,0.5196671419544145
match_small,noplt,0.521159214025829
match_small,noplt,0.5137145319604315
match_small,noplt,0.5259121719864197
match_small,noplt,0.5251795219955966
match_small,noplt,0.5229379259981215
match_small,noplt,0.5183735340251587
match_small,noplt,0.5138799140113406
require,withplt,1.19643312797416
require,withplt,0.9384632000001147
require,withplt,0.9371343340026215
require,withplt,0.9275618030223995
require,withplt,0.9317382149165496
require,withplt,0.9371010119793937
require,withplt,0.9343764169607311
require,withplt,0.9338819340337068
require,withplt,0.9339702810393646
require,withplt,0.9346337920287624
require,noplt,1.1070605530403554
require,noplt,0.8742785371141508
require,noplt,0.8741996979806572
require,noplt,0.8760112230665982
require,noplt,0.8709117920370772
require,noplt,0.8829506720649078
require,noplt,0.8727437739726156
require,noplt,0.8759936100104824
require,noplt,0.8803852670826018
require,noplt,0.8768530600937083
require_thread,withplt,0
require_thread,withplt,0
require_thread,withplt,0
require_thread,withplt,0
require_thread,withplt,0
require_thread,withplt,0
require_thread,withplt,0
require_thread,withplt,0
require_thread,withplt,0
require_thread,withplt,0
require_thread,noplt,0
require_thread,noplt,0
require_thread,noplt,0
require_thread,noplt,0
require_thread,noplt,0
require_thread,noplt,0
require_thread,noplt,0
require_thread,noplt,0
require_thread,noplt,0
require_thread,noplt,0
securerandom,withplt,0.17289710603654385
securerandom,withplt,0.17503462603781372
securerandom,withplt,0.17416696902364492
securerandom,withplt,0.17266923701390624
securerandom,withplt,0.17296178895048797
securerandom,withplt,0.17174589703790843
securerandom,withplt,0.17360162397380918
securerandom,withplt,0.1734015370020643
securerandom,withplt,0.17652714799623936
securerandom,withplt,0.17247777606826276
securerandom,noplt,0.17249470797833055
securerandom,noplt,0.17357423203065991
securerandom,noplt,0.1733837240608409
securerandom,noplt,0.17115637508686632
securerandom,noplt,0.17344657192006707
securerandom,noplt,0.17278873198665679
securerandom,noplt,0.17410047398880124
securerandom,noplt,0.17227688699495047
securerandom,noplt,0.17207194096408784
securerandom,noplt,0.17236713704187423
so_ackermann,withplt,0.3913512680446729
so_ackermann,withplt,0.3912817769451067
so_ackermann,withplt,0.391031556064263
so_ackermann,withplt,0.3925333060324192
so_ackermann,withplt,0.3898071780567989
so_ackermann,withplt,0.3923934129998088
so_ackermann,withplt,0.3895070019643754
so_ackermann,withplt,0.3902050380129367
so_ackermann,withplt,0.392136148060672
so_ackermann,withplt,0.388302240986377
so_ackermann,noplt,0.3910813790280372
so_ackermann,noplt,0.38925298291724175
so_ackermann,noplt,0.39351290196646005
so_ackermann,noplt,0.3890443800482899
so_ackermann,noplt,0.3916981309885159
so_ackermann,noplt,0.390893995994702
so_ackermann,noplt,0.38964172697160393
so_ackermann,noplt,0.3877721530152485
so_ackermann,noplt,0.38962743896991014
so_ackermann,noplt,0.3885112850693986
so_array,withplt,0.8903863889863715
so_array,withplt,0.89558270201087
so_array,withplt,0.8948473458876833
so_array,withplt,0.8933020440163091
so_array,withplt,0.8895434690639377
so_array,withplt,0.9011436429573223
so_array,withplt,0.8926330918911844
so_array,withplt,0.8938141079852358
so_array,withplt,0.8999365379568189
so_array,withplt,0.9137178719975054
so_array,noplt,0.7538355180295184
so_array,noplt,0.7611762318992987
so_array,noplt,0.75713458401151
so_array,noplt,0.7537538330070674
so_array,noplt,0.75153329805471
so_array,noplt,0.7539024229627103
so_array,noplt,0.7486606430029497
so_array,noplt,0.7631500230636448
so_array,noplt,0.7936082589440048
so_array,noplt,0.7540886929491535
so_binary_trees,withplt,5.382225235924125
so_binary_trees,withplt,5.37005650694482
so_binary_trees,withplt,5.365194180980325
so_binary_trees,withplt,5.357423281064257
so_binary_trees,withplt,5.324165154946968
so_binary_trees,withplt,5.352515907026827
so_binary_trees,withplt,5.327649245969951
so_binary_trees,withplt,5.360091140028089
so_binary_trees,withplt,5.362553127924912
so_binary_trees,withplt,5.332877543987706
so_binary_trees,noplt,5.132287550950423
so_binary_trees,noplt,5.160298784030601
so_binary_trees,noplt,5.1373952040448785
so_binary_trees,noplt,5.124090775032528
so_binary_trees,noplt,5.125802078982815
so_binary_trees,noplt,5.147540668956935
so_binary_trees,noplt,5.1328748050145805
so_binary_trees,noplt,5.147116375039332
so_binary_trees,noplt,5.164948864025064
so_binary_trees,noplt,5.131205142010003
so_concatenate,withplt,4.550166766042821
so_concatenate,withplt,4.468966830056161
so_concatenate,withplt,4.623775350046344
so_concatenate,withplt,4.5977866150205955
so_concatenate,withplt,4.552069136989303
so_concatenate,withplt,4.704130277968943
so_concatenate,withplt,4.713127895025536
so_concatenate,withplt,4.564506352995522
so_concatenate,withplt,4.620421750005335
so_concatenate,withplt,4.544338278006762
so_concatenate,noplt,3.787421782966703
so_concatenate,noplt,3.8524524410022423
so_concatenate,noplt,3.7505723380018026
so_concatenate,noplt,3.802724973997101
so_concatenate,noplt,3.722777006914839
so_concatenate,noplt,3.80799978307914
so_concatenate,noplt,3.791283976053819
so_concatenate,noplt,3.787799197016284
so_concatenate,noplt,3.810081053059548
so_concatenate,noplt,3.8554161890642717
so_count_words,withplt,0.15224967803806067
so_count_words,withplt,0.14833031001035124
so_count_words,withplt,0.1453258979599923
so_count_words,withplt,0.14446371304802597
so_count_words,withplt,0.14414878794923425
so_count_words,withplt,0.14531725191045552
so_count_words,withplt,0.14531634899321944
so_count_words,withplt,0.14600885508116335
so_count_words,withplt,0.14574224199168384
so_count_words,withplt,0.14601680100895464
so_count_words,noplt,0.1556106120115146
so_count_words,noplt,0.15528896602336317
so_count_words,noplt,0.1533765409840271
so_count_words,noplt,0.15630953898653388
so_count_words,noplt,0.1541964759817347
so_count_words,noplt,0.15593307896051556
so_count_words,noplt,0.15551157493609935
so_count_words,noplt,0.15416490600910038
so_count_words,noplt,0.1557824850315228
so_count_words,noplt,0.15535563102457672
so_exception,withplt,0.32174443802796304
so_exception,withplt,0.3274195140693337
so_exception,withplt,0.32453508803155273
so_exception,withplt,0.3256465829908848
so_exception,withplt,0.32032098493073136
so_exception,withplt,0.32104536902625114
so_exception,withplt,0.31978076696395874
so_exception,withplt,0.32069247495383024
so_exception,withplt,0.3231446269201115
so_exception,withplt,0.3272854610113427
so_exception,noplt,0.2878871241118759
so_exception,noplt,0.28426285297609866
so_exception,noplt,0.2860660320147872
so_exception,noplt,0.286386666004546
so_exception,noplt,0.2856482139322907
so_exception,noplt,0.28781789308413863
so_exception,noplt,0.28799311397597194
so_exception,noplt,0.28668775397818536
so_exception,noplt,0.2872350250836462
so_exception,noplt,0.287281421944499
so_fannkuch,withplt,0.8002763560507447
so_fannkuch,withplt,0.7937584311002865
so_fannkuch,withplt,0.8060509789502248
so_fannkuch,withplt,0.7926598000340164
so_fannkuch,withplt,0.7964617760153487
so_fannkuch,withplt,0.7954042020719498
so_fannkuch,withplt,0.8011442719725892
so_fannkuch,withplt,0.8034858340397477
so_fannkuch,withplt,0.7924897890770808
so_fannkuch,withplt,0.7935550380498171
so_fannkuch,noplt,0.7359321910189465
so_fannkuch,noplt,0.7374616430606693
so_fannkuch,noplt,0.7406943460227922
so_fannkuch,noplt,0.7432174510322511
so_fannkuch,noplt,0.7438642900669947
so_fannkuch,noplt,0.7400552310282364
so_fannkuch,noplt,0.7384491940028965
so_fannkuch,noplt,0.7401696479646489
so_fannkuch,noplt,0.7430207410361618
so_fannkuch,noplt,0.7344394670799375
so_fasta,withplt,1.743840576033108
so_fasta,withplt,1.7426125010242686
so_fasta,withplt,1.7612920380197465
so_fasta,withplt,1.7556299859425053
so_fasta,withplt,1.7347325989976525
so_fasta,withplt,1.736334076966159
so_fasta,withplt,1.7571131609147415
so_fasta,withplt,1.758388985064812
so_fasta,withplt,1.742494959034957
so_fasta,withplt,1.7616858389228582
so_fasta,noplt,1.6803386670071632
so_fasta,noplt,1.6916445669485256
so_fasta,noplt,1.6777792220236734
so_fasta,noplt,1.6694886970799416
so_fasta,noplt,1.6824561969842762
so_fasta,noplt,1.6766556249931455
so_fasta,noplt,1.6758831589249894
so_fasta,noplt,1.692169955931604
so_fasta,noplt,1.6705219440627843
so_fasta,noplt,1.6937343640020117
so_k_nucleotide,withplt,1.3442387210670859
so_k_nucleotide,withplt,1.3335098599782214
so_k_nucleotide,withplt,1.3449726750841364
so_k_nucleotide,withplt,1.3317462760023773
so_k_nucleotide,withplt,1.3330680059734732
so_k_nucleotide,withplt,1.3327303199330345
so_k_nucleotide,withplt,1.3241837420500815
so_k_nucleotide,withplt,1.3208124180091545
so_k_nucleotide,withplt,1.3330583879724145
so_k_nucleotide,withplt,1.346966892015189
so_k_nucleotide,noplt,1.1718133860267699
so_k_nucleotide,noplt,1.1832573059946299
so_k_nucleotide,noplt,1.1826728750020266
so_k_nucleotide,noplt,1.1456512269796804
so_k_nucleotide,noplt,1.1850718959467486
so_k_nucleotide,noplt,1.1546691039111465
so_k_nucleotide,noplt,1.184792338986881
so_k_nucleotide,noplt,1.1739221110474318
so_k_nucleotide,noplt,1.1539860860211775
so_k_nucleotide,noplt,1.158069050987251
so_lists,withplt,0.5239882210735232
so_lists,withplt,0.5219911159947515
so_lists,withplt,0.5263135529821739
so_lists,withplt,0.5267789999488741
so_lists,withplt,0.5229567469796166
so_lists,withplt,0.5257515640696511
so_lists,withplt,0.52096047392115
so_lists,withplt,0.5257022910518572
so_lists,withplt,0.5245908569777384
so_lists,withplt,0.522845305968076
so_lists,noplt,0.4769906899891794
so_lists,noplt,0.4798426270717755
so_lists,noplt,0.4893837090348825
so_lists,noplt,0.48451657500118017
so_lists,noplt,0.4821040779352188
so_lists,noplt,0.48074695095419884
so_lists,noplt,0.4798321259440854
so_lists,noplt,0.48676853999495506
so_lists,noplt,0.48613461502827704
so_lists,noplt,0.4862067709909752
so_mandelbrot,withplt,2.36903479101602
so_mandelbrot,withplt,2.358955261996016
so_mandelbrot,withplt,2.3639560969313607
so_mandelbrot,withplt,2.3386052059940994
so_mandelbrot,withplt,2.3497987129958346
so_mandelbrot,withplt,2.382273711031303
so_mandelbrot,withplt,2.3643797939876094
so_mandelbrot,withplt,2.3223547369707376
so_mandelbrot,withplt,2.368783253012225
so_mandelbrot,withplt,2.364770259009674
so_mandelbrot,noplt,2.3779181099962443
so_mandelbrot,noplt,2.3687556800432503
so_mandelbrot,noplt,2.3939767660340294
so_mandelbrot,noplt,2.3935849979752675
so_mandelbrot,noplt,2.3835485309828073
so_mandelbrot,noplt,2.3531160220736638
so_mandelbrot,noplt,2.3862981230486184
so_mandelbrot,noplt,2.389722816995345
so_mandelbrot,noplt,2.380269138957374
so_mandelbrot,noplt,2.3663812429877
so_matrix,withplt,0.450804335065186
so_matrix,withplt,0.4481461140094325
so_matrix,withplt,0.44653578905854374
so_matrix,withplt,0.4543105020420626
so_matrix,withplt,0.4506127639906481
so_matrix,withplt,0.45813454897142947
so_matrix,withplt,0.44979974103625864
so_matrix,withplt,0.4495274070650339
so_matrix,withplt,0.45113829290494323
so_matrix,withplt,0.45130742294713855
so_matrix,noplt,0.4635361800901592
so_matrix,noplt,0.4696872540516779
so_matrix,noplt,0.4664452039869502
so_matrix,noplt,0.46865560999140143
so_matrix,noplt,0.46402576309628785
so_matrix,noplt,0.4656805220292881
so_matrix,noplt,0.46525220409967005
so_matrix,noplt,0.46493834303691983
so_matrix,noplt,0.46403580193873495
so_matrix,noplt,0.4650092270458117
so_meteor_contest,withplt,3.1553228680277243
so_meteor_contest,withplt,3.1752395660150796
so_meteor_contest,withplt,3.2019360619597137
so_meteor_contest,withplt,3.226019393070601
so_meteor_contest,withplt,3.1944421770749614
so_meteor_contest,withplt,3.1604804060189053
so_meteor_contest,withplt,3.191595901036635
so_meteor_contest,withplt,3.1867029590066522
so_meteor_contest,withplt,3.1785241230390966
so_meteor_contest,withplt,3.1631612370256335
so_meteor_contest,noplt,3.0706300369929522
so_meteor_contest,noplt,3.0690588949946687
so_meteor_contest,noplt,3.061804972938262
so_meteor_contest,noplt,3.0739619050873443
so_meteor_contest,noplt,3.072729001985863
so_meteor_contest,noplt,3.0874801030149683
so_meteor_contest,noplt,3.0760846859775484
so_meteor_contest,noplt,3.0559315499849617
so_meteor_contest,noplt,3.068936120951548
so_meteor_contest,noplt,3.0935188530711457
so_nbody,withplt,1.3898835110012442
so_nbody,withplt,1.3544335970655084
so_nbody,withplt,1.373400524025783
so_nbody,withplt,1.35972214397043
so_nbody,withplt,1.3787227460416034
so_nbody,withplt,1.359396418905817
so_nbody,withplt,1.3762284650001675
so_nbody,withplt,1.3582040528999642
so_nbody,withplt,1.3554686770075932
so_nbody,withplt,1.3665676459204406
so_nbody,noplt,1.4439066511113197
so_nbody,noplt,1.4254449750296772
so_nbody,noplt,1.4157678169431165
so_nbody,noplt,1.4147615400142968
so_nbody,noplt,1.4287616669898853
so_nbody,noplt,1.423545214929618
so_nbody,noplt,1.4137485600076616
so_nbody,noplt,1.415873926016502
so_nbody,noplt,1.4173674810444936
so_nbody,noplt,1.4200890799984336
so_nested_loop,withplt,0.8003990270663053
so_nested_loop,withplt,0.859226284082979
so_nested_loop,withplt,0.804493876057677
so_nested_loop,withplt,0.8039069389924407
so_nested_loop,withplt,0.8096945770084858
so_nested_loop,withplt,0.8028247999027371
so_nested_loop,withplt,0.8032249830430374
so_nested_loop,withplt,0.812764243921265
so_nested_loop,withplt,0.8029050510376692
so_nested_loop,withplt,0.8539039420429617
so_nested_loop,noplt,0.9861709949327633
so_nested_loop,noplt,0.984579183976166
so_nested_loop,noplt,0.9858021800173447
so_nested_loop,noplt,0.9813486059429124
so_nested_loop,noplt,0.9848106800345704
so_nested_loop,noplt,0.9828263709787279
so_nested_loop,noplt,0.9827065139543265
so_nested_loop,noplt,0.9813974869903177
so_nested_loop,noplt,0.9851651879725978
so_nested_loop,noplt,0.9834184870123863
so_nsieve,withplt,1.8104631039313972
so_nsieve,withplt,1.8242569719441235
so_nsieve,withplt,1.8114285729825497
so_nsieve,withplt,1.798538158996962
so_nsieve,withplt,1.8149789250455797
so_nsieve,withplt,1.7774431180441752
so_nsieve,withplt,1.8298429100541398
so_nsieve,withplt,1.8016881940420717
so_nsieve,withplt,1.7790687619708478
so_nsieve,withplt,1.8357004800345749
so_nsieve,noplt,1.5057964769657701
so_nsieve,noplt,1.5210961130214855
so_nsieve,noplt,1.5055824540322646
so_nsieve,noplt,1.5414385829353705
so_nsieve,noplt,1.5268641039729118
so_nsieve,noplt,1.5274626519531012
so_nsieve,noplt,1.536859221989289
so_nsieve,noplt,1.5528435490559787
so_nsieve,noplt,1.5556156639941037
so_nsieve,noplt,1.5293189000803977
so_nsieve_bits,withplt,2.3738915029680356
so_nsieve_bits,withplt,2.346656271023676
so_nsieve_bits,withplt,2.3523276810301468
so_nsieve_bits,withplt,2.330524955992587
so_nsieve_bits,withplt,2.3461881279945374
so_nsieve_bits,withplt,2.3307924809632823
so_nsieve_bits,withplt,2.3437095870031044
so_nsieve_bits,withplt,2.33997894404456
so_nsieve_bits,withplt,2.3424837850034237
so_nsieve_bits,withplt,2.332185134990141
so_nsieve_bits,noplt,2.170836520032026
so_nsieve_bits,noplt,2.143659487948753
so_nsieve_bits,noplt,2.1716549230040982
so_nsieve_bits,noplt,2.15834142989479
so_nsieve_bits,noplt,2.159904756001197
so_nsieve_bits,noplt,2.144420171971433
so_nsieve_bits,noplt,2.1708748820237815
so_nsieve_bits,noplt,2.1628666579490528
so_nsieve_bits,noplt,2.1668163220165297
so_nsieve_bits,noplt,2.148798751994036
so_object,withplt,0.6003083410905674
so_object,withplt,0.6019252890255302
so_object,withplt,0.6074828520650044
so_object,withplt,0.6006212600041181
so_object,withplt,0.6077777289319783
so_object,withplt,0.6077633319655433
so_object,withplt,0.6042607600102201
so_object,withplt,0.6094026919454336
so_object,withplt,0.6044704649830237
so_object,withplt,0.602848959970288
so_object,noplt,0.5951652069343254
so_object,noplt,0.5910132710123435
so_object,noplt,0.5900013439822942
so_object,noplt,0.5882465069880709
so_object,noplt,0.5881773759610951
so_object,noplt,0.5881742000347003
so_object,noplt,0.5847873570164666
so_object,noplt,0.59279341599904
so_object,noplt,0.5873167249374092
so_object,noplt,0.5830633980222046
so_partial_sums,withplt,1.7798857480520383
so_partial_sums,withplt,1.7762811629800126
so_partial_sums,withplt,1.7834904820192605
so_partial_sums,withplt,1.7774837000761181
so_partial_sums,withplt,1.777177243027836
so_partial_sums,withplt,1.7864911460783333
so_partial_sums,withplt,1.783902729046531
so_partial_sums,withplt,1.7733202829258516
so_partial_sums,withplt,1.798966358997859
so_partial_sums,withplt,1.7880439019063488
so_partial_sums,noplt,1.7550758050056174
so_partial_sums,noplt,1.7167421659687534
so_partial_sums,noplt,1.7344832030357793
so_partial_sums,noplt,1.731953145004809
so_partial_sums,noplt,1.7480793190188706
so_partial_sums,noplt,1.7004730220651254
so_partial_sums,noplt,1.7079931249609217
so_partial_sums,noplt,1.707187175983563
so_partial_sums,noplt,1.715394283994101
so_partial_sums,noplt,1.691794564947486
so_pidigits,withplt,0.37707723095081747
so_pidigits,withplt,0.37916284205857664
so_pidigits,withplt,0.38112705503590405
so_pidigits,withplt,0.37505077198147774
so_pidigits,withplt,0.37980445194989443
so_pidigits,withplt,0.38000053202267736
so_pidigits,withplt,0.37997920101042837
so_pidigits,withplt,0.38129461999051273
so_pidigits,withplt,0.37857555598020554
so_pidigits,withplt,0.38018076110165566
so_pidigits,noplt,0.38544063502922654
so_pidigits,noplt,0.38669565005693585
so_pidigits,noplt,0.3863612290006131
so_pidigits,noplt,0.38789307698607445
so_pidigits,noplt,0.3861555219627917
so_pidigits,noplt,0.3875588870141655
so_pidigits,noplt,0.3862161859869957
so_pidigits,noplt,0.3863468120107427
so_pidigits,noplt,0.38213931303471327
so_pidigits,noplt,0.3851226659025997
so_random,withplt,0.42920226498972625
so_random,withplt,0.42419411591254175
so_random,withplt,0.4266921340022236
so_random,withplt,0.4232136979699135
so_random,withplt,0.4255809700116515
so_random,withplt,0.42484325903933495
so_random,withplt,0.42620107799302787
so_random,withplt,0.4278190790209919
so_random,withplt,0.42354539199732244
so_random,withplt,0.425264623016119
so_random,noplt,0.3588567200349644
so_random,noplt,0.36430900706909597
so_random,noplt,0.36271995096467435
so_random,noplt,0.36058283399324864
so_random,noplt,0.3531548429746181
so_random,noplt,0.3572973409900442
so_random,noplt,0.3597981450147927
so_random,noplt,0.36091811500955373
so_random,noplt,0.35225912497844547
so_random,noplt,0.36454288696404546
so_reverse_complement,withplt,1.3911700469907373
so_reverse_complement,withplt,1.3911669000517577
so_reverse_complement,withplt,1.3890585569897667
so_reverse_complement,withplt,1.3758071410702541
so_reverse_complement,withplt,1.3904482860816643
so_reverse_complement,withplt,1.3841909830225632
so_reverse_complement,withplt,1.3952883479651064
so_reverse_complement,withplt,1.3922882940387353
so_reverse_complement,withplt,1.3774179669562727
so_reverse_complement,withplt,1.381461837911047
so_reverse_complement,noplt,1.2221408250043169
so_reverse_complement,noplt,1.218000463093631
so_reverse_complement,noplt,1.2283575730398297
so_reverse_complement,noplt,1.2378964819945395
so_reverse_complement,noplt,1.2158141320105642
so_reverse_complement,noplt,1.235398473101668
so_reverse_complement,noplt,1.2313870519865304
so_reverse_complement,noplt,1.2233405070146546
so_reverse_complement,noplt,1.2286524790106341
so_reverse_complement,noplt,1.2308228489710018
so_sieve,withplt,0.5038850739365444
so_sieve,withplt,0.5099723370512947
so_sieve,withplt,0.5118504259735346
so_sieve,withplt,0.5056398820597678
so_sieve,withplt,0.5034318700199947
so_sieve,withplt,0.49928189802449197
so_sieve,withplt,0.5113735080230981
so_sieve,withplt,0.49407526396680623
so_sieve,withplt,0.5111586119746789
so_sieve,withplt,0.4952081990195438
so_sieve,noplt,0.40960473800078034
so_sieve,noplt,0.4160958619322628
so_sieve,noplt,0.4200151590630412
so_sieve,noplt,0.41182694595772773
so_sieve,noplt,0.41788240894675255
so_sieve,noplt,0.40893331298138946
so_sieve,noplt,0.4390351769980043
so_sieve,noplt,0.40911599597893655
so_sieve,noplt,0.4091171679319814
so_sieve,noplt,0.41424986196216196
so_spectralnorm,withplt,1.4818640319863334
so_spectralnorm,withplt,1.473024651990272
so_spectralnorm,withplt,1.468697086093016
so_spectralnorm,withplt,1.476657057995908
so_spectralnorm,withplt,1.4746372509980574
so_spectralnorm,withplt,1.4758914050180465
so_spectralnorm,withplt,1.4874666809337214
so_spectralnorm,withplt,1.4797970559448004
so_spectralnorm,withplt,1.5041636109817773
so_spectralnorm,withplt,1.4987304309615865
so_spectralnorm,noplt,1.5345653910189867
so_spectralnorm,noplt,1.536933523020707
so_spectralnorm,noplt,1.535571716958657
so_spectralnorm,noplt,1.5358979729935527
so_spectralnorm,noplt,1.5362561370711774
so_spectralnorm,noplt,1.5342520399717614
so_spectralnorm,noplt,1.5326084019616246
so_spectralnorm,noplt,1.5318264479283243
so_spectralnorm,noplt,1.5391415749909356
so_spectralnorm,noplt,1.5331918218871579
string_index,withplt,0.527045522001572
string_index,withplt,0.5255266890162602
string_index,withplt,0.5266352080507204
string_index,withplt,0.5267151989974082
string_index,withplt,0.5249415059806779
string_index,withplt,0.5282222289824858
string_index,withplt,0.5281120920553803
string_index,withplt,0.5269597399746999
string_index,withplt,0.5280212600482628
string_index,withplt,0.5253076559165493
string_index,noplt,0.5292969460133463
string_index,noplt,0.5280579699901864
string_index,noplt,0.5287767249392346
string_index,noplt,0.5285277760121971
string_index,noplt,0.5274829560657963
string_index,noplt,0.5278217250015587
string_index,noplt,0.5280980350216851
string_index,noplt,0.5281172009417787
string_index,noplt,0.5273316410603002
string_index,noplt,0.5303591970587149
string_scan_re,withplt,0.49225161294452846
string_scan_re,withplt,0.48782307701185346
string_scan_re,withplt,0.500243827002123
string_scan_re,withplt,0.48722567001823336
string_scan_re,withplt,0.4904541251016781
string_scan_re,withplt,0.505613547982648
string_scan_re,withplt,0.4962189410580322
string_scan_re,withplt,0.49817740300204605
string_scan_re,withplt,0.4812089609913528
string_scan_re,withplt,0.49663591699209064
string_scan_re,noplt,0.4506583410548046
string_scan_re,noplt,0.44580138591118157
string_scan_re,noplt,0.45143540599383414
string_scan_re,noplt,0.4457675430458039
string_scan_re,noplt,0.4474507450358942
string_scan_re,noplt,0.4434641420375556
string_scan_re,noplt,0.4460954910609871
string_scan_re,noplt,0.4366423540050164
string_scan_re,noplt,0.45232463197316974
string_scan_re,noplt,0.44664337392896414
string_scan_str,withplt,0.1624635549960658
string_scan_str,withplt,0.16266141703817993
string_scan_str,withplt,0.16461544996127486
string_scan_str,withplt,0.1652116139885038
string_scan_str,withplt,0.16209743404760957
string_scan_str,withplt,0.16228296409826726
string_scan_str,withplt,0.16044967796187848
string_scan_str,withplt,0.16056006692815572
string_scan_str,withplt,0.16034731501713395
string_scan_str,withplt,0.1612088190158829
string_scan_str,noplt,0.14493720093742013
string_scan_str,noplt,0.1435612679924816
string_scan_str,noplt,0.14304171898402274
string_scan_str,noplt,0.14393985096830875
string_scan_str,noplt,0.14338623802177608
string_scan_str,noplt,0.14467397495172918
string_scan_str,noplt,0.14598528598435223
string_scan_str,noplt,0.14535865606740117
string_scan_str,noplt,0.1421045329188928
string_scan_str,noplt,0.1442350569413975
time_subsec,withplt,1.0990128400735557
time_subsec,withplt,1.1203003630507737
time_subsec,withplt,1.1000277830753475
time_subsec,withplt,1.1172880460508168
time_subsec,withplt,1.0732116099679843
time_subsec,withplt,1.0333310139831156
time_subsec,withplt,1.0634927119826898
time_subsec,withplt,1.1198683279799297
time_subsec,withplt,1.1034831550205126
time_subsec,withplt,1.0772949350066483
time_subsec,noplt,1.0894565880298615
time_subsec,noplt,1.0388580699218437
time_subsec,noplt,1.0537552390014753
time_subsec,noplt,1.0792788550024852
time_subsec,noplt,1.1175449090078473
time_subsec,noplt,1.1070682520512491
time_subsec,noplt,1.0782660460099578
time_subsec,noplt,1.0876171810086817
time_subsec,noplt,1.1033216110663489
time_subsec,noplt,1.0663139089010656
vm1_attr_ivar,withplt,0.6582013519946486
vm1_attr_ivar,withplt,0.6601618370041251
vm1_attr_ivar,withplt,0.6746652830624953
vm1_attr_ivar,withplt,0.6461662879446521
vm1_attr_ivar,withplt,0.6608044079039246
vm1_attr_ivar,withplt,0.6570405539823696
vm1_attr_ivar,withplt,0.6571134519763291
vm1_attr_ivar,withplt,0.657401203061454
vm1_attr_ivar,withplt,0.6576525078853592
vm1_attr_ivar,withplt,0.6576520259259269
vm1_attr_ivar,noplt,0.6542779259616509
vm1_attr_ivar,noplt,0.6551322569139302
vm1_attr_ivar,noplt,0.6586130970390514
vm1_attr_ivar,noplt,0.6509085559519008
vm1_attr_ivar,noplt,0.6485916080418974
vm1_attr_ivar,noplt,0.5951531570171937
vm1_attr_ivar,noplt,0.6514207399450243
vm1_attr_ivar,noplt,0.6017394230002537
vm1_attr_ivar,noplt,0.6365846879780293
vm1_attr_ivar,noplt,0.5919531171675771
vm1_attr_ivar_set,withplt,0.7589261758839712
vm1_attr_ivar_set,withplt,0.7897377690533176
vm1_attr_ivar_set,withplt,0.6920425449497998
vm1_attr_ivar_set,withplt,0.6922788710799068
vm1_attr_ivar_set,withplt,0.7730082970811054
vm1_attr_ivar_set,withplt,0.7672071941196918
vm1_attr_ivar_set,withplt,0.7360179489478469
vm1_attr_ivar_set,withplt,0.8195357719669119
vm1_attr_ivar_set,withplt,0.770166942034848
vm1_attr_ivar_set,withplt,0.7505092319333926
vm1_attr_ivar_set,noplt,0.8105012140003964
vm1_attr_ivar_set,noplt,0.7068329000612721
vm1_attr_ivar_set,noplt,0.7269646039931104
vm1_attr_ivar_set,noplt,0.6777341050328687
vm1_attr_ivar_set,noplt,0.7167995958589017
vm1_attr_ivar_set,noplt,0.6852688370272517
vm1_attr_ivar_set,noplt,0.6909430210944265
vm1_attr_ivar_set,noplt,0.7184358690865338
vm1_attr_ivar_set,noplt,0.7136255230288953
vm1_attr_ivar_set,noplt,0.8358067179797217
vm1_block,withplt,0.9620930610690266
vm1_block,withplt,0.9572089861612767
vm1_block,withplt,1.0763100059702992
vm1_block,withplt,0.9606696779374033
vm1_block,withplt,0.9630791089730337
vm1_block,withplt,0.9936432560207322
vm1_block,withplt,0.9643820159835741
vm1_block,withplt,0.9638376689981669
vm1_block,withplt,0.9640773690771312
vm1_block,withplt,0.9629513679537922
vm1_block,noplt,0.9272811970440671
vm1_block,noplt,0.973335119895637
vm1_block,noplt,0.9582845530239865
vm1_block,noplt,0.9401673550019041
vm1_block,noplt,0.9578727150801569
vm1_block,noplt,0.9028236588928849
vm1_block,noplt,0.8935155960498378
vm1_block,noplt,0.9464313309872523
vm1_block,noplt,0.9407445819815621
vm1_block,noplt,0.9677305549848825
vm1_blockparam,withplt,1.0928818680113181
vm1_blockparam,withplt,1.099061665008776
vm1_blockparam,withplt,1.0988511190516874
vm1_blockparam,withplt,1.1173646439565346
vm1_blockparam,withplt,1.1573386958334595
vm1_blockparam,withplt,1.0621870959876105
vm1_blockparam,withplt,1.1079110139980912
vm1_blockparam,withplt,1.1162945858668536
vm1_blockparam,withplt,1.09652001503855
vm1_blockparam,withplt,1.1070027210516855
vm1_blockparam,noplt,1.0393833140842617
vm1_blockparam,noplt,1.0384136161301285
vm1_blockparam,noplt,1.0505565931089222
vm1_blockparam,noplt,1.1124969770899042
vm1_blockparam,noplt,1.0385632090037689
vm1_blockparam,noplt,1.0337900529848412
vm1_blockparam,noplt,1.1335435770452023
vm1_blockparam,noplt,1.0354896950302646
vm1_blockparam,noplt,1.0458745079813525
vm1_blockparam,noplt,1.0524742680136114
vm1_blockparam_call,withplt,2.198677522945218
vm1_blockparam_call,withplt,2.2315087420865893
vm1_blockparam_call,withplt,2.1762189039727673
vm1_blockparam_call,withplt,2.1498813920188695
vm1_blockparam_call,withplt,2.187975742854178
vm1_blockparam_call,withplt,2.192245649988763
vm1_blockparam_call,withplt,2.222534807980992
vm1_blockparam_call,withplt,2.174429428880103
vm1_blockparam_call,withplt,2.2226282040355727
vm1_blockparam_call,withplt,2.1961442969040945
vm1_blockparam_call,noplt,2.019220763933845
vm1_blockparam_call,noplt,2.0149248769739643
vm1_blockparam_call,noplt,2.003779421094805
vm1_blockparam_call,noplt,1.9870037310756743
vm1_blockparam_call,noplt,1.9988919181050733
vm1_blockparam_call,noplt,2.0084955990314484
vm1_blockparam_call,noplt,1.9912343639880419
vm1_blockparam_call,noplt,1.996968992985785
vm1_blockparam_call,noplt,2.011775680934079
vm1_blockparam_call,noplt,2.0781289919978008
vm1_blockparam_pass,withplt,2.534464103053324
vm1_blockparam_pass,withplt,2.38602850609459
vm1_blockparam_pass,withplt,2.5374455829150975
vm1_blockparam_pass,withplt,2.582592946011573
vm1_blockparam_pass,withplt,2.368457676144317
vm1_blockparam_pass,withplt,2.385138827143237
vm1_blockparam_pass,withplt,2.3773849919671193
vm1_blockparam_pass,withplt,2.380936305038631
vm1_blockparam_pass,withplt,2.392044130829163
vm1_blockparam_pass,withplt,2.457911035977304
vm1_blockparam_pass,noplt,2.176090956083499
vm1_blockparam_pass,noplt,2.1719573250738904
vm1_blockparam_pass,noplt,2.142127391998656
vm1_blockparam_pass,noplt,2.1680896549951285
vm1_blockparam_pass,noplt,2.2055883220164105
vm1_blockparam_pass,noplt,2.13326697004959
vm1_blockparam_pass,noplt,2.1737574168946594
vm1_blockparam_pass,noplt,2.1763499239459634
vm1_blockparam_pass,noplt,2.158542438875884
vm1_blockparam_pass,noplt,2.139897096902132
vm1_blockparam_yield,withplt,1.83298355108127
vm1_blockparam_yield,withplt,1.8539424050832167
vm1_blockparam_yield,withplt,1.8791713260579854
vm1_blockparam_yield,withplt,1.7894989231135696
vm1_blockparam_yield,withplt,1.868552541011013
vm1_blockparam_yield,withplt,1.8521375131094828
vm1_blockparam_yield,withplt,1.7884123140247539
vm1_blockparam_yield,withplt,1.8832781261298805
vm1_blockparam_yield,withplt,1.8839544999646023
vm1_blockparam_yield,withplt,1.7996335439383984
vm1_blockparam_yield,noplt,1.6513751680031419
vm1_blockparam_yield,noplt,1.6536946999840438
vm1_blockparam_yield,noplt,1.677509005065076
vm1_blockparam_yield,noplt,1.6641621489543468
vm1_blockparam_yield,noplt,1.6478824440855533
vm1_blockparam_yield,noplt,1.6344089809572324
vm1_blockparam_yield,noplt,1.6157987030455843
vm1_blockparam_yield,noplt,1.6414140430279076
vm1_blockparam_yield,noplt,1.6196589800529182
vm1_blockparam_yield,noplt,1.6797630619257689
vm1_const,withplt,0.3390713450498879
vm1_const,withplt,0.3396803729701787
vm1_const,withplt,0.3370908208889887
vm1_const,withplt,0.39921955205500126
vm1_const,withplt,0.33765551703982055
vm1_const,withplt,0.3383868240052834
vm1_const,withplt,0.3374963660025969
vm1_const,withplt,0.3907527819974348
vm1_const,withplt,0.3363787499256432
vm1_const,withplt,0.33850418496876955
vm1_const,noplt,0.3364334419602528
vm1_const,noplt,0.2725182470167056
vm1_const,noplt,0.33507739717606455
vm1_const,noplt,0.33981752092950046
vm1_const,noplt,0.3284785889554769
vm1_const,noplt,0.33586799690965563
vm1_const,noplt,0.3338995670201257
vm1_const,noplt,0.3335877188947052
vm1_const,noplt,0.3345643290085718
vm1_const,noplt,0.33140561706386507
vm1_ensure,withplt,0.37770208495203406
vm1_ensure,withplt,0.37664424104150385
vm1_ensure,withplt,0.43513261899352074
vm1_ensure,withplt,0.37773548800032586
vm1_ensure,withplt,0.3784171420847997
vm1_ensure,withplt,0.37726717500481755
vm1_ensure,withplt,0.4390890949871391
vm1_ensure,withplt,0.3777737299678847
vm1_ensure,withplt,0.37811797799076885
vm1_ensure,withplt,0.43688891897909343
vm1_ensure,noplt,0.4378609820269048
vm1_ensure,noplt,0.3779125310247764
vm1_ensure,noplt,0.4567793579772115
vm1_ensure,noplt,0.4359067080076784
vm1_ensure,noplt,0.4422802400076762
vm1_ensure,noplt,0.44175071199424565
vm1_ensure,noplt,0.443094334914349
vm1_ensure,noplt,0.43856031994801015
vm1_ensure,noplt,0.441742908093147
vm1_ensure,noplt,0.436482634046115
vm1_float_simple,withplt,2.869157284963876
vm1_float_simple,withplt,2.911664891988039
vm1_float_simple,withplt,2.8223347449675202
vm1_float_simple,withplt,2.867956770933233
vm1_float_simple,withplt,2.867260409053415
vm1_float_simple,withplt,2.850039310171269
vm1_float_simple,withplt,2.8181973160244524
vm1_float_simple,withplt,2.873812737991102
vm1_float_simple,withplt,2.8678732940461487
vm1_float_simple,withplt,2.8646711378823966
vm1_float_simple,noplt,2.991868927842006
vm1_float_simple,noplt,2.9943707319907844
vm1_float_simple,noplt,2.910117121064104
vm1_float_simple,noplt,2.925438418984413
vm1_float_simple,noplt,2.9145101030590013
vm1_float_simple,noplt,2.9267268871190026
vm1_float_simple,noplt,2.9305006890790537
vm1_float_simple,noplt,2.9845196119276807
vm1_float_simple,noplt,2.9627259370172396
vm1_float_simple,noplt,2.923637013998814
vm1_gc_short_lived,withplt,7.355135678080842
vm1_gc_short_lived,withplt,7.412188527989201
vm1_gc_short_lived,withplt,7.357049732934684
vm1_gc_short_lived,withplt,7.349032239988446
vm1_gc_short_lived,withplt,7.397256050026044
vm1_gc_short_lived,withplt,7.368313077953644
vm1_gc_short_lived,withplt,7.36328019190114
vm1_gc_short_lived,withplt,7.352246123016812
vm1_gc_short_lived,withplt,7.327088994905353
vm1_gc_short_lived,withplt,7.2843819711124524
vm1_gc_short_lived,noplt,7.723373670945875
vm1_gc_short_lived,noplt,7.4819741260726005
vm1_gc_short_lived,noplt,7.576725079095922
vm1_gc_short_lived,noplt,7.471117182052694
vm1_gc_short_lived,noplt,7.536490524071269
vm1_gc_short_lived,noplt,7.527637236984447
vm1_gc_short_lived,noplt,7.492684387951158
vm1_gc_short_lived,noplt,7.474598407978192
vm1_gc_short_lived,noplt,7.4561345159308985
vm1_gc_short_lived,noplt,7.522424336872064
vm1_gc_short_with_complex_long,withplt,5.053722582990304
vm1_gc_short_with_complex_long,withplt,5.102276815916412
vm1_gc_short_with_complex_long,withplt,5.101867933990434
vm1_gc_short_with_complex_long,withplt,5.054611066123471
vm1_gc_short_with_complex_long,withplt,5.048760268953629
vm1_gc_short_with_complex_long,withplt,5.056092728045769
vm1_gc_short_with_complex_long,withplt,5.063559670001268
vm1_gc_short_with_complex_long,withplt,5.0739698900142685
vm1_gc_short_with_complex_long,withplt,5.062670703046024
vm1_gc_short_with_complex_long,withplt,5.067453868105076
vm1_gc_short_with_complex_long,noplt,5.119313532952219
vm1_gc_short_with_complex_long,noplt,5.133496523019858
vm1_gc_short_with_complex_long,noplt,5.146373323048465
vm1_gc_short_with_complex_long,noplt,5.11891561106313
vm1_gc_short_with_complex_long,noplt,5.135185514925979
vm1_gc_short_with_complex_long,noplt,5.110527549055405
vm1_gc_short_with_complex_long,noplt,5.129947751993313
vm1_gc_short_with_complex_long,noplt,5.132299173972569
vm1_gc_short_with_complex_long,noplt,5.139269731123932
vm1_gc_short_with_complex_long,noplt,5.127743545919657
vm1_gc_short_with_long,withplt,5.110935094999149
vm1_gc_short_with_long,withplt,5.283612231956795
vm1_gc_short_with_long,withplt,5.107824612990953
vm1_gc_short_with_long,withplt,5.1109766230219975
vm1_gc_short_with_long,withplt,5.131624288042076
vm1_gc_short_with_long,withplt,5.091477431007661
vm1_gc_short_with_long,withplt,5.091441122000106
vm1_gc_short_with_long,withplt,5.047453435952775
vm1_gc_short_with_long,withplt,5.281486714025959
vm1_gc_short_with_long,withplt,5.08908268599771
vm1_gc_short_with_long,noplt,5.3002382250269875
vm1_gc_short_with_long,noplt,5.290896416991018
vm1_gc_short_with_long,noplt,5.466221145004965
vm1_gc_short_with_long,noplt,5.284274225938134
vm1_gc_short_with_long,noplt,5.276600303011946
vm1_gc_short_with_long,noplt,5.2763802469708025
vm1_gc_short_with_long,noplt,5.2813769350759685
vm1_gc_short_with_long,noplt,5.473185788956471
vm1_gc_short_with_long,noplt,5.300597268040292
vm1_gc_short_with_long,noplt,5.498656214913353
vm1_gc_short_with_symbol,withplt,5.026453259051777
vm1_gc_short_with_symbol,withplt,4.956260582082905
vm1_gc_short_with_symbol,withplt,5.125309290946461
vm1_gc_short_with_symbol,withplt,5.113581066019833
vm1_gc_short_with_symbol,withplt,4.996884037973359
vm1_gc_short_with_symbol,withplt,5.008537160931155
vm1_gc_short_with_symbol,withplt,5.011060054996051
vm1_gc_short_with_symbol,withplt,5.0038442549994215
vm1_gc_short_with_symbol,withplt,4.9939088290557265
vm1_gc_short_with_symbol,withplt,4.900852118968032
vm1_gc_short_with_symbol,noplt,5.191071563982405
vm1_gc_short_with_symbol,noplt,5.216851372970268
vm1_gc_short_with_symbol,noplt,5.208187743905
vm1_gc_short_with_symbol,noplt,5.212213982944377
vm1_gc_short_with_symbol,noplt,5.18057954905089
vm1_gc_short_with_symbol,noplt,5.235868686111644
vm1_gc_short_with_symbol,noplt,5.221110250102356
vm1_gc_short_with_symbol,noplt,5.190147129935212
vm1_gc_short_with_symbol,noplt,5.202367905061692
vm1_gc_short_with_symbol,noplt,5.204489904106595
vm1_gc_wb_ary,withplt,0.8406265679514036
vm1_gc_wb_ary,withplt,0.8401990708662197
vm1_gc_wb_ary,withplt,0.8232917860150337
vm1_gc_wb_ary,withplt,0.8450096680317074
vm1_gc_wb_ary,withplt,0.8433509420137852
vm1_gc_wb_ary,withplt,0.8413086830405518
vm1_gc_wb_ary,withplt,0.8412114989478141
vm1_gc_wb_ary,withplt,0.8367591379210353
vm1_gc_wb_ary,withplt,0.8375782620860264
vm1_gc_wb_ary,withplt,0.8379499820293859
vm1_gc_wb_ary,noplt,0.5516209568595514
vm1_gc_wb_ary,noplt,0.5449028260773048
vm1_gc_wb_ary,noplt,0.5475952310953289
vm1_gc_wb_ary,noplt,0.581285128952004
vm1_gc_wb_ary,noplt,0.5459065170725808
vm1_gc_wb_ary,noplt,0.5479917390039191
vm1_gc_wb_ary,noplt,0.5511296821059659
vm1_gc_wb_ary,noplt,0.5474657780723646
vm1_gc_wb_ary,noplt,0.5448951720027253
vm1_gc_wb_ary,noplt,0.48673610610421747
vm1_gc_wb_ary_promoted,withplt,0.8223816499812528
vm1_gc_wb_ary_promoted,withplt,0.842178089893423
vm1_gc_wb_ary_promoted,withplt,0.8261623559519649
vm1_gc_wb_ary_promoted,withplt,0.8201198680326343
vm1_gc_wb_ary_promoted,withplt,0.8469878369942307
vm1_gc_wb_ary_promoted,withplt,0.8222772721201181
vm1_gc_wb_ary_promoted,withplt,0.8228565950412303
vm1_gc_wb_ary_promoted,withplt,0.8453915469581261
vm1_gc_wb_ary_promoted,withplt,0.8412395009072497
vm1_gc_wb_ary_promoted,withplt,0.8408363029593602
vm1_gc_wb_ary_promoted,noplt,0.56275843991898
vm1_gc_wb_ary_promoted,noplt,0.5502906809560955
vm1_gc_wb_ary_promoted,noplt,0.5437486100709066
vm1_gc_wb_ary_promoted,noplt,0.5547566580353305
vm1_gc_wb_ary_promoted,noplt,0.5521273320773616
vm1_gc_wb_ary_promoted,noplt,0.5838650611694902
vm1_gc_wb_ary_promoted,noplt,0.5496371190529317
vm1_gc_wb_ary_promoted,noplt,0.546623120084405
vm1_gc_wb_ary_promoted,noplt,0.5518153349403292
vm1_gc_wb_ary_promoted,noplt,0.5534537628991529
vm1_gc_wb_obj,withplt,0.5371125530218706
vm1_gc_wb_obj,withplt,0.5485090740257874
vm1_gc_wb_obj,withplt,0.5511383088305593
vm1_gc_wb_obj,withplt,0.5488812850089744
vm1_gc_wb_obj,withplt,0.6689468199620023
vm1_gc_wb_obj,withplt,0.5243780609453097
vm1_gc_wb_obj,withplt,0.6477999440394342
vm1_gc_wb_obj,withplt,0.5048714958829805
vm1_gc_wb_obj,withplt,0.6057297890074551
vm1_gc_wb_obj,withplt,0.5190251019084826
vm1_gc_wb_obj,noplt,0.5364579090382904
vm1_gc_wb_obj,noplt,0.5923896479653195
vm1_gc_wb_obj,noplt,0.5546634921338409
vm1_gc_wb_obj,noplt,0.5498161360155791
vm1_gc_wb_obj,noplt,0.5422466489253566
vm1_gc_wb_obj,noplt,0.5310068050166592
vm1_gc_wb_obj,noplt,0.5527292879996821
vm1_gc_wb_obj,noplt,0.5091399409575388
vm1_gc_wb_obj,noplt,0.5359162589302287
vm1_gc_wb_obj,noplt,0.5568874930031598
vm1_gc_wb_obj_promoted,withplt,0.6418929389910772
vm1_gc_wb_obj_promoted,withplt,0.5479677119292319
vm1_gc_wb_obj_promoted,withplt,0.5465596290305257
vm1_gc_wb_obj_promoted,withplt,0.5181666039861739
vm1_gc_wb_obj_promoted,withplt,0.530021917889826
vm1_gc_wb_obj_promoted,withplt,0.5516834349837154
vm1_gc_wb_obj_promoted,withplt,0.5235305048990995
vm1_gc_wb_obj_promoted,withplt,0.5281092039076611
vm1_gc_wb_obj_promoted,withplt,0.5617101740790531
vm1_gc_wb_obj_promoted,withplt,0.513749418896623
vm1_gc_wb_obj_promoted,noplt,0.5626738099381328
vm1_gc_wb_obj_promoted,noplt,0.553997978917323
vm1_gc_wb_obj_promoted,noplt,0.5369700950104743
vm1_gc_wb_obj_promoted,noplt,0.5723852721275762
vm1_gc_wb_obj_promoted,noplt,0.5391487788874656
vm1_gc_wb_obj_promoted,noplt,0.5306804500287399
vm1_gc_wb_obj_promoted,noplt,0.5437302150530741
vm1_gc_wb_obj_promoted,noplt,0.5391098289983347
vm1_gc_wb_obj_promoted,noplt,0.5382851029280573
vm1_gc_wb_obj_promoted,noplt,0.5459942530142143
vm1_ivar,withplt,0.3417376868892461
vm1_ivar,withplt,0.33773428096901625
vm1_ivar,withplt,0.3374184159329161
vm1_ivar,withplt,0.34319764806423336
vm1_ivar,withplt,0.33770024694968015
vm1_ivar,withplt,0.3759471229277551
vm1_ivar,withplt,0.34041888103820384
vm1_ivar,withplt,0.33972763805650175
vm1_ivar,withplt,0.3408400729531422
vm1_ivar,withplt,0.33790940092876554
vm1_ivar,noplt,0.3385618310421705
vm1_ivar,noplt,0.33930352912284434
vm1_ivar,noplt,0.3447222819086164
vm1_ivar,noplt,0.31212529307231307
vm1_ivar,noplt,0.28633893199730664
vm1_ivar,noplt,0.3416804290609434
vm1_ivar,noplt,0.3447183038806543
vm1_ivar,noplt,0.3351606499636546
vm1_ivar,noplt,0.34435640182346106
vm1_ivar,noplt,0.33829639002215117
vm1_ivar_set,withplt,0.240931470063515
vm1_ivar_set,withplt,0.2478883519070223
vm1_ivar_set,withplt,0.24027565401047468
vm1_ivar_set,withplt,0.2484943240415305
vm1_ivar_set,withplt,0.23285138211213052
vm1_ivar_set,withplt,0.2394758149748668
vm1_ivar_set,withplt,0.2370342251379043
vm1_ivar_set,withplt,0.2357399439206347
vm1_ivar_set,withplt,0.23228630505036563
vm1_ivar_set,withplt,0.23562039993703365
vm1_ivar_set,noplt,0.24575928994454443
vm1_ivar_set,noplt,0.24980318103916943
vm1_ivar_set,noplt,0.18407313397619873
vm1_ivar_set,noplt,0.2550837630406022
vm1_ivar_set,noplt,0.25666499498765916
vm1_ivar_set,noplt,0.24595996702555567
vm1_ivar_set,noplt,0.3151055609341711
vm1_ivar_set,noplt,0.19180982699617743
vm1_ivar_set,noplt,0.24624392401892692
vm1_ivar_set,noplt,0.2500131969572976
vm1_length,withplt,0.3084041200345382
vm1_length,withplt,0.3074672259390354
vm1_length,withplt,0.30456304003018886
vm1_length,withplt,0.3069669019896537
vm1_length,withplt,0.309928432921879
vm1_length,withplt,0.3126782849431038
vm1_length,withplt,0.30722989793866873
vm1_length,withplt,0.3285085720708594
vm1_length,withplt,0.302320213872008
vm1_length,withplt,0.2917856990825385
vm1_length,noplt,0.2412345609627664
vm1_length,noplt,0.23575005400925875
vm1_length,noplt,0.28920151700731367
vm1_length,noplt,0.23646792804356664
vm1_length,noplt,0.23944697191473097
vm1_length,noplt,0.28745895402971655
vm1_length,noplt,0.2484579759184271
vm1_length,noplt,0.2718781470321119
vm1_length,noplt,0.23546258208807558
vm1_length,noplt,0.24011487094685435
vm1_lvar_init,withplt,1.2590071860468015
vm1_lvar_init,withplt,1.1379202869720757
vm1_lvar_init,withplt,1.156836388981901
vm1_lvar_init,withplt,1.1477764630690217
vm1_lvar_init,withplt,1.18282805592753
vm1_lvar_init,withplt,1.1659717169823125
vm1_lvar_init,withplt,1.1648698589997366
vm1_lvar_init,withplt,1.1872255749767646
vm1_lvar_init,withplt,1.1539907860569656
vm1_lvar_init,withplt,1.1688698789803311
vm1_lvar_init,noplt,1.176683115074411
vm1_lvar_init,noplt,1.1483174120076
vm1_lvar_init,noplt,1.1378249760018662
vm1_lvar_init,noplt,1.188070225995034
vm1_lvar_init,noplt,1.1247899779118598
vm1_lvar_init,noplt,1.1490611439803615
vm1_lvar_init,noplt,1.1387330390280113
vm1_lvar_init,noplt,1.1285375619772822
vm1_lvar_init,noplt,1.12115210108459
vm1_lvar_init,noplt,1.1289009960601106
vm1_lvar_set,withplt,2.523266721982509
vm1_lvar_set,withplt,2.523520700982772
vm1_lvar_set,withplt,2.525078968028538
vm1_lvar_set,withplt,2.524250235990621
vm1_lvar_set,withplt,2.527038792031817
vm1_lvar_set,withplt,2.5004600579850376
vm1_lvar_set,withplt,2.5168455799575895
vm1_lvar_set,withplt,2.497979121049866
vm1_lvar_set,withplt,2.525198221905157
vm1_lvar_set,withplt,2.5237798689631745
vm1_lvar_set,noplt,2.5196241080993786
vm1_lvar_set,noplt,2.51796080195345
vm1_lvar_set,noplt,2.517789968987927
vm1_lvar_set,noplt,2.521109697991051
vm1_lvar_set,noplt,2.5314634318929166
vm1_lvar_set,noplt,2.527911847922951
vm1_lvar_set,noplt,2.4683768179966137
vm1_lvar_set,noplt,2.5308069720631465
vm1_lvar_set,noplt,2.5250129440100864
vm1_lvar_set,noplt,2.4623229370918125
vm1_neq,withplt,0.2963124510133639
vm1_neq,withplt,0.3255346779478714
vm1_neq,withplt,0.32414723199326545
vm1_neq,withplt,0.32689109293278307
vm1_neq,withplt,0.32607194094453007
vm1_neq,withplt,0.32804812397807837
vm1_neq,withplt,0.3258381290361285
vm1_neq,withplt,0.3302848511375487
vm1_neq,withplt,0.33463231404311955
vm1_neq,withplt,0.32370159099809825
vm1_neq,noplt,0.3029858589870855
vm1_neq,noplt,0.267936839023605
vm1_neq,noplt,0.2977304020896554
vm1_neq,noplt,0.33491174201481044
vm1_neq,noplt,0.39713757298886776
vm1_neq,noplt,0.2881643130676821
vm1_neq,noplt,0.30242825695313513
vm1_neq,noplt,0.2992421321105212
vm1_neq,noplt,0.272424136986956
vm1_neq,noplt,0.3024680919479579
vm1_not,withplt,0.09881876001600176
vm1_not,withplt,0.05805300595238805
vm1_not,withplt,0.05679749103728682
vm1_not,withplt,0.07963824993930757
vm1_not,withplt,0.07570235198363662
vm1_not,withplt,0.07816797797568142
vm1_not,withplt,0.07736148906406015
vm1_not,withplt,0.07661551097407937
vm1_not,withplt,0.07948208600282669
vm1_not,withplt,0.01765653898473829
vm1_not,noplt,0.07940704294014722
vm1_not,noplt,0.054055152111686766
vm1_not,noplt,0.0788947578985244
vm1_not,noplt,0.05918132304213941
vm1_not,noplt,0.05622601299546659
vm1_not,noplt,0.0783637270797044
vm1_not,noplt,0.05574601993430406
vm1_not,noplt,0.013940584962256253
vm1_not,noplt,0.05727587209548801
vm1_not,noplt,0.047044276958331466
vm1_rescue,withplt,0.04306523792911321
vm1_rescue,withplt,0.04147023195400834
vm1_rescue,withplt,0.034666337887756526
vm1_rescue,withplt,0.046763547929003835
vm1_rescue,withplt,0.053310458082705736
vm1_rescue,withplt,0.043248684029094875
vm1_rescue,withplt,0.04397311992943287
vm1_rescue,withplt,0.04507142899092287
vm1_rescue,withplt,0.045458758948370814
vm1_rescue,withplt,0.05894018802791834
vm1_rescue,noplt,0.036410427070222795
vm1_rescue,noplt,0.04339747398626059
vm1_rescue,noplt,0.04489744198508561
vm1_rescue,noplt,0.043786238064058125
vm1_rescue,noplt,0.036592788994312286
vm1_rescue,noplt,0.039233004907146096
vm1_rescue,noplt,0.04314928699750453
vm1_rescue,noplt,0.0414902800694108
vm1_rescue,noplt,0.059608246898278594
vm1_rescue,noplt,0.07352868397720158
vm1_simplereturn,withplt,0.3695717559894547
vm1_simplereturn,withplt,0.43936120299622416
vm1_simplereturn,withplt,0.32119437598157674
vm1_simplereturn,withplt,0.3671103969682008
vm1_simplereturn,withplt,0.36871855799108744
vm1_simplereturn,withplt,0.36982718808576465
vm1_simplereturn,withplt,0.37188321398571134
vm1_simplereturn,withplt,0.27097653690725565
vm1_simplereturn,withplt,0.37062005104962736
vm1_simplereturn,withplt,0.36873370700050145
vm1_simplereturn,noplt,0.32194833795074373
vm1_simplereturn,noplt,0.3054524069884792
vm1_simplereturn,noplt,0.32004912896081805
vm1_simplereturn,noplt,0.3230497050099075
vm1_simplereturn,noplt,0.32276383484713733
vm1_simplereturn,noplt,0.3224277510307729
vm1_simplereturn,noplt,0.3110372719820589
vm1_simplereturn,noplt,0.3210553349927068
vm1_simplereturn,noplt,0.32279209792613983
vm1_simplereturn,noplt,0.31884114095009863
vm1_swap,withplt,0.2384902690537274
vm1_swap,withplt,0.28377267497126013
vm1_swap,withplt,0.3514271379681304
vm1_swap,withplt,0.23391726904083043
vm1_swap,withplt,0.3440348260337487
vm1_swap,withplt,0.3377794149564579
vm1_swap,withplt,0.29956212593242526
vm1_swap,withplt,0.3382361159892753
vm1_swap,withplt,0.23666556912939996
vm1_swap,withplt,0.34387583599891514
vm1_swap,noplt,0.23704640800133348
vm1_swap,noplt,0.23475768300704658
vm1_swap,noplt,0.2361814270261675
vm1_swap,noplt,0.2335400989977643
vm1_swap,noplt,0.23719961498863995
vm1_swap,noplt,0.2379618330160156
vm1_swap,noplt,0.23869828099850565
vm1_swap,noplt,0.1762388099450618
vm1_swap,noplt,0.23184498399496078
vm1_swap,noplt,0.23754751204978675
vm1_yield,withplt,0.8823887470643967
vm1_yield,withplt,0.8764790589921176
vm1_yield,withplt,0.8976724740350619
vm1_yield,withplt,0.8987991880858317
vm1_yield,withplt,0.8973736710613593
vm1_yield,withplt,0.8964621430495754
vm1_yield,withplt,0.8889252779772505
vm1_yield,withplt,0.8842415700200945
vm1_yield,withplt,0.8925858669681475
vm1_yield,withplt,0.8866353610064834
vm1_yield,noplt,0.893707490991801
vm1_yield,noplt,0.8943070409586653
vm1_yield,noplt,0.9094360760645941
vm1_yield,noplt,0.9050461209844798
vm1_yield,noplt,0.8941882470389828
vm1_yield,noplt,0.896581438020803
vm1_yield,noplt,0.8937921200413257
vm1_yield,noplt,0.9235876989550889
vm1_yield,noplt,0.8928368299966678
vm1_yield,noplt,0.8971913770074025
vm2_array,withplt,0.2327302029589191
vm2_array,withplt,0.22182166203856468
vm2_array,withplt,0.23348867299500853
vm2_array,withplt,0.23592797899618745
vm2_array,withplt,0.2317288250196725
vm2_array,withplt,0.23006013000849634
vm2_array,withplt,0.23270139703527093
vm2_array,withplt,0.2337754420004785
vm2_array,withplt,0.2348518210928887
vm2_array,withplt,0.230700887972489
vm2_array,noplt,0.21588341996539384
vm2_array,noplt,0.21536452102009207
vm2_array,noplt,0.21552684903144836
vm2_array,noplt,0.2158761959290132
vm2_array,noplt,0.21116793307010084
vm2_array,noplt,0.22842341393698007
vm2_array,noplt,0.21272582898382097
vm2_array,noplt,0.227466942043975
vm2_array,noplt,0.21480874402914196
vm2_array,noplt,0.2155472559388727
vm2_bigarray,withplt,0.23122003593016416
vm2_bigarray,withplt,0.2303492040373385
vm2_bigarray,withplt,0.23461872106418014
vm2_bigarray,withplt,0.2329388849902898
vm2_bigarray,withplt,0.2363100900547579
vm2_bigarray,withplt,0.229067028965801
vm2_bigarray,withplt,0.23555816197767854
vm2_bigarray,withplt,0.23183404200244695
vm2_bigarray,withplt,0.2299831440905109
vm2_bigarray,withplt,0.2359288599109277
vm2_bigarray,noplt,0.21352199895773083
vm2_bigarray,noplt,0.2134713939158246
vm2_bigarray,noplt,0.22581809596158564
vm2_bigarray,noplt,0.22744240600150079
vm2_bigarray,noplt,0.22797589201945812
vm2_bigarray,noplt,0.2151858750730753
vm2_bigarray,noplt,0.2125178879359737
vm2_bigarray,noplt,0.2123293309705332
vm2_bigarray,noplt,0.21433123399037868
vm2_bigarray,noplt,0.2089922729646787
vm2_bighash,withplt,0.1508305420866236
vm2_bighash,withplt,0.15044155798386782
vm2_bighash,withplt,0.15224508696701378
vm2_bighash,withplt,0.15282283606939018
vm2_bighash,withplt,0.15180781192611903
vm2_bighash,withplt,0.15342665498610586
vm2_bighash,withplt,0.15226443391293287
vm2_bighash,withplt,0.15299418906215578
vm2_bighash,withplt,0.15273717406671494
vm2_bighash,withplt,0.1528098810231313
vm2_bighash,noplt,0.15319730108603835
vm2_bighash,noplt,0.15189297194592655
vm2_bighash,noplt,0.15265300497412682
vm2_bighash,noplt,0.15139868995174766
vm2_bighash,noplt,0.1527723310282454
vm2_bighash,noplt,0.15044923301320523
vm2_bighash,noplt,0.15024748106952757
vm2_bighash,noplt,0.15190615598112345
vm2_bighash,noplt,0.1513981600292027
vm2_bighash,noplt,0.15189408499281853
vm2_case,withplt,0.08812140801455826
vm2_case,withplt,0.08872686000540853
vm2_case,withplt,0.08932084997650236
vm2_case,withplt,0.09156324598006904
vm2_case,withplt,0.09092813800089061
vm2_case,withplt,0.08758402592502534
vm2_case,withplt,0.09249283710960299
vm2_case,withplt,0.08872777095530182
vm2_case,withplt,0.088967393967323
vm2_case,withplt,0.08767747192177922
vm2_case,noplt,0.0760460989549756
vm2_case,noplt,0.07983343594241887
vm2_case,noplt,0.06755874294321984
vm2_case,noplt,0.07154789089690894
vm2_case,noplt,0.07548466010484844
vm2_case,noplt,0.07856734097003937
vm2_case,noplt,0.07729682698845863
vm2_case,noplt,0.08302731707226485
vm2_case,noplt,0.07657156884670258
vm2_case,noplt,0.07546288997400552
vm2_case_lit,withplt,0.4979005770292133
vm2_case_lit,withplt,0.49444193800445646
vm2_case_lit,withplt,0.49552942789159715
vm2_case_lit,withplt,0.49410939193330705
vm2_case_lit,withplt,0.49945997598115355
vm2_case_lit,withplt,0.4971979830879718
vm2_case_lit,withplt,0.5016869739629328
vm2_case_lit,withplt,0.49801370094064623
vm2_case_lit,withplt,0.4968978769611567
vm2_case_lit,withplt,0.49618620495311916
vm2_case_lit,noplt,0.47501723701134324
vm2_case_lit,noplt,0.4826313080266118
vm2_case_lit,noplt,0.48297143809031695
vm2_case_lit,noplt,0.4837923659943044
vm2_case_lit,noplt,0.49937608803156763
vm2_case_lit,noplt,0.4885223819874227
vm2_case_lit,noplt,0.48188560898415744
vm2_case_lit,noplt,0.4912443950306624
vm2_case_lit,noplt,0.47950491902884096
vm2_case_lit,noplt,0.48134257295168936
vm2_defined_method,withplt,2.1599664840614423
vm2_defined_method,withplt,2.1539180330000818
vm2_defined_method,withplt,2.170638920040801
vm2_defined_method,withplt,2.1621979069896042
vm2_defined_method,withplt,2.166776926955208
vm2_defined_method,withplt,2.1543422389077023
vm2_defined_method,withplt,2.1611674620071426
vm2_defined_method,withplt,2.1592170840594918
vm2_defined_method,withplt,2.171266295015812
vm2_defined_method,withplt,2.1668899949872866
vm2_defined_method,noplt,2.1934842199552804
vm2_defined_method,noplt,2.207177319098264
vm2_defined_method,noplt,2.205858203000389
vm2_defined_method,noplt,2.4417139870347455
vm2_defined_method,noplt,2.2014445679960772
vm2_defined_method,noplt,2.191811771946959
vm2_defined_method,noplt,2.2113497459795326
vm2_defined_method,noplt,2.2135786870494485
vm2_defined_method,noplt,2.1875914939446375
vm2_defined_method,noplt,2.203543428098783
vm2_dstr,withplt,1.5713983121095225
vm2_dstr,withplt,1.5856688600033522
vm2_dstr,withplt,1.584152381052263
vm2_dstr,withplt,1.5592194519704208
vm2_dstr,withplt,1.5699277280364186
vm2_dstr,withplt,1.5849681659601629
vm2_dstr,withplt,1.568024287931621
vm2_dstr,withplt,1.565712069044821
vm2_dstr,withplt,1.5730565519770607
vm2_dstr,withplt,1.575950867147185
vm2_dstr,noplt,1.1763572000199929
vm2_dstr,noplt,1.2058214480057359
vm2_dstr,noplt,1.173038274049759
vm2_dstr,noplt,1.1980242498684675
vm2_dstr,noplt,1.1708359110634774
vm2_dstr,noplt,1.1666765509871766
vm2_dstr,noplt,1.1793020599288866
vm2_dstr,noplt,1.1821417909814045
vm2_dstr,noplt,1.1722917759325355
vm2_dstr,noplt,1.1896127009531483
vm2_eval,withplt,0
vm2_eval,withplt,0
vm2_eval,withplt,0
vm2_eval,withplt,0
vm2_eval,withplt,0
vm2_eval,withplt,0
vm2_eval,withplt,0
vm2_eval,withplt,0
vm2_eval,withplt,0
vm2_eval,withplt,0
vm2_eval,noplt,0
vm2_eval,noplt,0
vm2_eval,noplt,0
vm2_eval,noplt,0
vm2_eval,noplt,0
vm2_eval,noplt,0
vm2_eval,noplt,0
vm2_eval,noplt,0
vm2_eval,noplt,0
vm2_eval,noplt,0
vm2_fiber_allocate,withplt,0
vm2_fiber_allocate,withplt,0
vm2_fiber_allocate,withplt,0
vm2_fiber_allocate,withplt,0
vm2_fiber_allocate,withplt,0
vm2_fiber_allocate,withplt,0
vm2_fiber_allocate,withplt,0
vm2_fiber_allocate,withplt,0
vm2_fiber_allocate,withplt,0
vm2_fiber_allocate,withplt,0
vm2_fiber_allocate,noplt,0
vm2_fiber_allocate,noplt,0
vm2_fiber_allocate,noplt,0
vm2_fiber_allocate,noplt,0
vm2_fiber_allocate,noplt,0
vm2_fiber_allocate,noplt,0
vm2_fiber_allocate,noplt,0
vm2_fiber_allocate,noplt,0
vm2_fiber_allocate,noplt,0
vm2_fiber_allocate,noplt,0
vm2_fiber_count,withplt,0
vm2_fiber_count,withplt,0
vm2_fiber_count,withplt,0
vm2_fiber_count,withplt,0
vm2_fiber_count,withplt,0
vm2_fiber_count,withplt,0
vm2_fiber_count,withplt,0
vm2_fiber_count,withplt,0
vm2_fiber_count,withplt,0
vm2_fiber_count,withplt,0
vm2_fiber_count,noplt,0
vm2_fiber_count,noplt,0
vm2_fiber_count,noplt,0
vm2_fiber_count,noplt,0
vm2_fiber_count,noplt,0
vm2_fiber_count,noplt,0
vm2_fiber_count,noplt,0
vm2_fiber_count,noplt,0
vm2_fiber_count,noplt,0
vm2_fiber_count,noplt,0
vm2_fiber_reuse,withplt,0.8566337630618364
vm2_fiber_reuse,withplt,0.8616165140410885
vm2_fiber_reuse,withplt,0.8646257660584524
vm2_fiber_reuse,withplt,0.8579720839625224
vm2_fiber_reuse,withplt,0.8687160339904949
vm2_fiber_reuse,withplt,0.8732093550497666
vm2_fiber_reuse,withplt,0.866868712939322
vm2_fiber_reuse,withplt,0.8656561579555273
vm2_fiber_reuse,withplt,0.8699191330233589
vm2_fiber_reuse,withplt,0.8750660519581288
vm2_fiber_reuse,noplt,0.8478940279455855
vm2_fiber_reuse,noplt,0.8491874970495701
vm2_fiber_reuse,noplt,0.8509406999219209
vm2_fiber_reuse,noplt,0.8482597189722583
vm2_fiber_reuse,noplt,0.842356770997867
vm2_fiber_reuse,noplt,0.8450435451231897
vm2_fiber_reuse,noplt,0.8430580538697541
vm2_fiber_reuse,noplt,0.8449849948519841
vm2_fiber_reuse,noplt,0.8438588328426704
vm2_fiber_reuse,noplt,0.8435338491108268
vm2_fiber_reuse_gc,withplt,0.9261550570372492
vm2_fiber_reuse_gc,withplt,0.9301458389963955
vm2_fiber_reuse_gc,withplt,0.9245166670298204
vm2_fiber_reuse_gc,withplt,0.9283476199489087
vm2_fiber_reuse_gc,withplt,0.9308449459495023
vm2_fiber_reuse_gc,withplt,0.9276703220093623
vm2_fiber_reuse_gc,withplt,0.9283495820127428
vm2_fiber_reuse_gc,withplt,0.9313345979899168
vm2_fiber_reuse_gc,withplt,0.9316700189374387
vm2_fiber_reuse_gc,withplt,0.9342890570405871
vm2_fiber_reuse_gc,noplt,0.9147093121428043
vm2_fiber_reuse_gc,noplt,0.9061921900138259
vm2_fiber_reuse_gc,noplt,0.9125239230925217
vm2_fiber_reuse_gc,noplt,0.908734260010533
vm2_fiber_reuse_gc,noplt,0.9063017759472132
vm2_fiber_reuse_gc,noplt,0.9137383730849251
vm2_fiber_reuse_gc,noplt,0.9126126109622419
vm2_fiber_reuse_gc,noplt,0.9121693150373176
vm2_fiber_reuse_gc,noplt,0.9164782359730452
vm2_fiber_reuse_gc,noplt,0.920105102006346
vm2_fiber_switch,withplt,0.9629713268950582
vm2_fiber_switch,withplt,0.937907695886679
vm2_fiber_switch,withplt,0.9762388030067086
vm2_fiber_switch,withplt,0.965880751144141
vm2_fiber_switch,withplt,0.9622235670685768
vm2_fiber_switch,withplt,0.9988526779925451
vm2_fiber_switch,withplt,0.9883183810161427
vm2_fiber_switch,withplt,0.9724264580290765
vm2_fiber_switch,withplt,0.9840208309469745
vm2_fiber_switch,withplt,0.9849943351000547
vm2_fiber_switch,noplt,0.8589525989955291
vm2_fiber_switch,noplt,0.8373482780298218
vm2_fiber_switch,noplt,0.8445905779954046
vm2_fiber_switch,noplt,0.8313187040621415
vm2_fiber_switch,noplt,0.8389623500406742
vm2_fiber_switch,noplt,0.8172754538245499
vm2_fiber_switch,noplt,0.824917518068105
vm2_fiber_switch,noplt,0.8530270989285782
vm2_fiber_switch,noplt,0.8463026239769533
vm2_fiber_switch,noplt,0.8427027999423444
vm2_freezestring,withplt,1.0040340420091525
vm2_freezestring,withplt,1.036155496025458
vm2_freezestring,withplt,1.0174804049311206
vm2_freezestring,withplt,1.034763319999911
vm2_freezestring,withplt,1.016081699053757
vm2_freezestring,withplt,0.9952774259727448
vm2_freezestring,withplt,1.020826069987379
vm2_freezestring,withplt,1.0039096359396353
vm2_freezestring,withplt,1.0135220929514617
vm2_freezestring,withplt,1.0335654919035733
vm2_freezestring,noplt,0.9799788900418207
vm2_freezestring,noplt,0.9836988330353051
vm2_freezestring,noplt,0.9788515350082889
vm2_freezestring,noplt,0.9855659210588783
vm2_freezestring,noplt,0.98829629807733
vm2_freezestring,noplt,0.9791003540158272
vm2_freezestring,noplt,0.9870731319533661
vm2_freezestring,noplt,0.9943106420105323
vm2_freezestring,noplt,0.985008349060081
vm2_freezestring,noplt,0.977463127928786
vm2_method,withplt,0.8021199560025707
vm2_method,withplt,0.8560011320514604
vm2_method,withplt,0.7760097320424393
vm2_method,withplt,0.7755359800066799
vm2_method,withplt,0.7769105910556391
vm2_method,withplt,0.7736529810354114
vm2_method,withplt,0.7698838368523866
vm2_method,withplt,0.798559293965809
vm2_method,withplt,0.7778588288929313
vm2_method,withplt,0.7718393109971657
vm2_method,noplt,0.7614075989695266
vm2_method,noplt,0.7817686169873923
vm2_method,noplt,0.7766481059370562
vm2_method,noplt,0.7839960060082376
vm2_method,noplt,0.7701763479271904
vm2_method,noplt,0.7646333100274205
vm2_method,noplt,0.773944619926624
vm2_method,noplt,0.8383669960312545
vm2_method,noplt,0.7660960570210591
vm2_method,noplt,0.7664642099989578
vm2_method_missing,withplt,3.8861194209894165
vm2_method_missing,withplt,3.935547504108399
vm2_method_missing,withplt,3.875488781952299
vm2_method_missing,withplt,3.9615878629265353
vm2_method_missing,withplt,3.95268068194855
vm2_method_missing,withplt,3.9067331578116864
vm2_method_missing,withplt,3.911114485003054
vm2_method_missing,withplt,3.8925002299947664
vm2_method_missing,withplt,3.9489766559563577
vm2_method_missing,withplt,3.9374441789695993
vm2_method_missing,noplt,3.579289168934338
vm2_method_missing,noplt,3.5845220800256357
vm2_method_missing,noplt,3.579208986950107
vm2_method_missing,noplt,3.5819119699299335
vm2_method_missing,noplt,3.583269959082827
vm2_method_missing,noplt,3.58200009400025
vm2_method_missing,noplt,3.57858459406998
vm2_method_missing,noplt,3.579054470988922
vm2_method_missing,noplt,3.579274633084424
vm2_method_missing,noplt,3.591033395146951
vm2_method_with_block,withplt,0.8471973319537938
vm2_method_with_block,withplt,0.8549523199908435
vm2_method_with_block,withplt,0.8501308329869062
vm2_method_with_block,withplt,0.8566475739935413
vm2_method_with_block,withplt,0.8458749600686133
vm2_method_with_block,withplt,0.9023667969740927
vm2_method_with_block,withplt,0.8457590519683436
vm2_method_with_block,withplt,0.8452713619917631
vm2_method_with_block,withplt,0.8436365110101178
vm2_method_with_block,withplt,0.8589930350426584
vm2_method_with_block,noplt,0.8822137729730457
vm2_method_with_block,noplt,0.8350911228917539
vm2_method_with_block,noplt,0.8258593429345638
vm2_method_with_block,noplt,0.8286685979692265
vm2_method_with_block,noplt,0.8300999270286411
vm2_method_with_block,noplt,0.8265831680037081
vm2_method_with_block,noplt,0.8246188559569418
vm2_method_with_block,noplt,0.840907086036168
vm2_method_with_block,noplt,0.8313038450432941
vm2_method_with_block,noplt,0.822887892019935
vm2_module_ann_const_set,withplt,14.916010971996002
vm2_module_ann_const_set,withplt,14.769160290830769
vm2_module_ann_const_set,withplt,14.89501128194388
vm2_module_ann_const_set,withplt,14.733826184994541
vm2_module_ann_const_set,withplt,14.817876150016673
vm2_module_ann_const_set,withplt,14.660200919955969
vm2_module_ann_const_set,withplt,14.806666538934223
vm2_module_ann_const_set,withplt,14.813521996955387
vm2_module_ann_const_set,withplt,14.822967818938196
vm2_module_ann_const_set,withplt,14.728411457850598
vm2_module_ann_const_set,noplt,12.747537060058676
vm2_module_ann_const_set,noplt,12.800782428937964
vm2_module_ann_const_set,noplt,12.74190552905202
vm2_module_ann_const_set,noplt,12.769644945976324
vm2_module_ann_const_set,noplt,12.775345613015816
vm2_module_ann_const_set,noplt,12.798804731923155
vm2_module_ann_const_set,noplt,12.66996704111807
vm2_module_ann_const_set,noplt,12.745358131011017
vm2_module_ann_const_set,noplt,12.77660293399822
vm2_module_ann_const_set,noplt,12.73769242898561
vm2_module_const_set,withplt,8.248337808065116
vm2_module_const_set,withplt,8.246832729084417
vm2_module_const_set,withplt,8.358610624098219
vm2_module_const_set,withplt,8.237135585979559
vm2_module_const_set,withplt,8.272580118966289
vm2_module_const_set,withplt,8.239395581069402
vm2_module_const_set,withplt,8.188303420087323
vm2_module_const_set,withplt,8.243236183887348
vm2_module_const_set,withplt,8.254029936040752
vm2_module_const_set,withplt,8.25311782490462
vm2_module_const_set,noplt,7.166648977086879
vm2_module_const_set,noplt,7.070034446078353
vm2_module_const_set,noplt,7.058563955011778
vm2_module_const_set,noplt,7.028876728960313
vm2_module_const_set,noplt,7.136810650932603
vm2_module_const_set,noplt,7.078501527896151
vm2_module_const_set,noplt,7.174163270043209
vm2_module_const_set,noplt,7.117288680979982
vm2_module_const_set,noplt,7.0727177620865405
vm2_module_const_set,noplt,7.077160975080915
vm2_mutex,withplt,0.7407767639961094
vm2_mutex,withplt,0.7610600129701197
vm2_mutex,withplt,0.765611030976288
vm2_mutex,withplt,0.7393555651651695
vm2_mutex,withplt,0.7423729329602793
vm2_mutex,withplt,0.7663693999638781
vm2_mutex,withplt,0.7569267029175535
vm2_mutex,withplt,0.7553435690933838
vm2_mutex,withplt,0.7688672890653834
vm2_mutex,withplt,0.7438536831177771
vm2_mutex,noplt,0.6294199890689924
vm2_mutex,noplt,0.6508691660128534
vm2_mutex,noplt,0.6498708949657157
vm2_mutex,noplt,0.6329350649612024
vm2_mutex,noplt,0.6479181949980557
vm2_mutex,noplt,0.6345170859713107
vm2_mutex,noplt,0.6358703059377149
vm2_mutex,noplt,0.6520218789810315
vm2_mutex,noplt,0.6403795550577343
vm2_mutex,noplt,0.6545663339784369
vm2_newlambda,withplt,0.7948299839626998
vm2_newlambda,withplt,0.796620977926068
vm2_newlambda,withplt,0.8006153770256788
vm2_newlambda,withplt,0.8137902200687677
vm2_newlambda,withplt,0.8205584461102262
vm2_newlambda,withplt,0.7831752860220149
vm2_newlambda,withplt,0.7852056729607284
vm2_newlambda,withplt,0.7887354550184682
vm2_newlambda,withplt,0.8154863860690966
vm2_newlambda,withplt,0.7939591419417411
vm2_newlambda,noplt,0.6957037699175999
vm2_newlambda,noplt,0.6905591530958191
vm2_newlambda,noplt,0.6953997679520398
vm2_newlambda,noplt,0.7057898000348359
vm2_newlambda,noplt,0.6985268699936569
vm2_newlambda,noplt,0.6975188710493967
vm2_newlambda,noplt,0.7025599619373679
vm2_newlambda,noplt,0.7033812610898167
vm2_newlambda,noplt,0.6970977070741355
vm2_newlambda,noplt,0.7072747480124235
vm2_poly_method,withplt,1.724866290926002
vm2_poly_method,withplt,1.7368933309335262
vm2_poly_method,withplt,1.7572026689304039
vm2_poly_method,withplt,1.7577702180715278
vm2_poly_method,withplt,1.7515977240400389
vm2_poly_method,withplt,1.7250703069148585
vm2_poly_method,withplt,1.7217956939712167
vm2_poly_method,withplt,1.7502613259712234
vm2_poly_method,withplt,1.7199314290191978
vm2_poly_method,withplt,1.7335303720319644
vm2_poly_method,noplt,1.7348550480091944
vm2_poly_method,noplt,1.72767387307249
vm2_poly_method,noplt,1.7746709919301793
vm2_poly_method,noplt,1.7202472949866205
vm2_poly_method,noplt,1.7911718529649079
vm2_poly_method,noplt,1.7231117630144581
vm2_poly_method,noplt,1.7138869570335373
vm2_poly_method,noplt,1.7451236210763454
vm2_poly_method,noplt,1.7328256820328534
vm2_poly_method,noplt,1.7400862069334835
vm2_poly_method_ov,withplt,0.17750066192820668
vm2_poly_method_ov,withplt,0.17719994601793587
vm2_poly_method_ov,withplt,0.1775289858924225
vm2_poly_method_ov,withplt,0.17777263501193374
vm2_poly_method_ov,withplt,0.17670405993703753
vm2_poly_method_ov,withplt,0.1773442579433322
vm2_poly_method_ov,withplt,0.17735931603237987
vm2_poly_method_ov,withplt,0.1780163439689204
vm2_poly_method_ov,withplt,0.24955223500728607
vm2_poly_method_ov,withplt,0.17762533808127046
vm2_poly_method_ov,noplt,0.19865030492655933
vm2_poly_method_ov,noplt,0.19819126999936998
vm2_poly_method_ov,noplt,0.19748951704241335
vm2_poly_method_ov,noplt,0.19713778397999704
vm2_poly_method_ov,noplt,0.17750179499853402
vm2_poly_method_ov,noplt,0.19811206101439893
vm2_poly_method_ov,noplt,0.19827750301919878
vm2_poly_method_ov,noplt,0.1975325889652595
vm2_poly_method_ov,noplt,0.19779802905395627
vm2_poly_method_ov,noplt,0.19758215302135795
vm2_poly_singleton,withplt,1.7593860329361632
vm2_poly_singleton,withplt,1.8130144409369677
vm2_poly_singleton,withplt,1.8036889750510454
vm2_poly_singleton,withplt,1.7833972189109772
vm2_poly_singleton,withplt,1.7621900879312307
vm2_poly_singleton,withplt,1.7779183010570705
vm2_poly_singleton,withplt,1.7765482598915696
vm2_poly_singleton,withplt,1.7700336209964007
vm2_poly_singleton,withplt,1.7743332739919424
vm2_poly_singleton,withplt,1.7753365759272128
vm2_poly_singleton,noplt,1.7760250420542434
vm2_poly_singleton,noplt,1.7841118350625038
vm2_poly_singleton,noplt,1.7558304300764576
vm2_poly_singleton,noplt,1.777708727051504
vm2_poly_singleton,noplt,1.778165295952931
vm2_poly_singleton,noplt,1.7744242349872366
vm2_poly_singleton,noplt,1.7624969149474055
vm2_poly_singleton,noplt,1.7590888710692525
vm2_poly_singleton,noplt,1.7892046039924026
vm2_poly_singleton,noplt,1.7522648590384051
vm2_proc,withplt,0.1732921110233292
vm2_proc,withplt,0.17383886105380952
vm2_proc,withplt,0.1724490209016949
vm2_proc,withplt,0.17483799392357469
vm2_proc,withplt,0.16552214394323528
vm2_proc,withplt,0.17695772903971374
vm2_proc,withplt,0.17307136300951242
vm2_proc,withplt,0.16955756198149174
vm2_proc,withplt,0.16930808208417147
vm2_proc,withplt,0.17716398800257593
vm2_proc,noplt,0.1663531119702384
vm2_proc,noplt,0.16474447795189917
vm2_proc,noplt,0.16622842603828758
vm2_proc,noplt,0.1755547240609303
vm2_proc,noplt,0.1682484420016408
vm2_proc,noplt,0.16952254495117813
vm2_proc,noplt,0.1779382680542767
vm2_proc,noplt,0.17131640599109232
vm2_proc,noplt,0.1624682800611481
vm2_proc,noplt,0.16570194507949054
vm2_raise1,withplt,5.920157898915932
vm2_raise1,withplt,5.8917627590708435
vm2_raise1,withplt,5.9005223389249295
vm2_raise1,withplt,5.839940723031759
vm2_raise1,withplt,5.820619066129439
vm2_raise1,withplt,5.912993250996806
vm2_raise1,withplt,5.869379688054323
vm2_raise1,withplt,5.813594745122828
vm2_raise1,withplt,5.794555849046446
vm2_raise1,withplt,5.926856889040209
vm2_raise1,noplt,4.899723503971472
vm2_raise1,noplt,4.857124883914366
vm2_raise1,noplt,4.945106140919961
vm2_raise1,noplt,4.8949748639715835
vm2_raise1,noplt,4.849096832913347
vm2_raise1,noplt,4.846648295992054
vm2_raise1,noplt,4.849896287894808
vm2_raise1,noplt,4.844232933828607
vm2_raise1,noplt,4.870708893984556
vm2_raise1,noplt,4.875872325035743
vm2_raise2,withplt,7.791488595074043
vm2_raise2,withplt,7.890751353115775
vm2_raise2,withplt,7.900258603040129
vm2_raise2,withplt,7.841029285918921
vm2_raise2,withplt,7.889913883060217
vm2_raise2,withplt,7.8856371499132365
vm2_raise2,withplt,7.873697186121717
vm2_raise2,withplt,7.8298727349611
vm2_raise2,withplt,7.875076393946074
vm2_raise2,withplt,7.9449330469360575
vm2_raise2,noplt,6.953134442912415
vm2_raise2,noplt,7.014801251119934
vm2_raise2,noplt,7.05514504108578
vm2_raise2,noplt,7.071439030929469
vm2_raise2,noplt,6.977833311888389
vm2_raise2,noplt,7.020667245960794
vm2_raise2,noplt,6.970705586951226
vm2_raise2,noplt,6.991170569090173
vm2_raise2,noplt,7.033406003960408
vm2_raise2,noplt,6.992325452971272
vm2_regexp,withplt,2.5587371110450476
vm2_regexp,withplt,2.497271732077934
vm2_regexp,withplt,2.5357068750308827
vm2_regexp,withplt,2.5124512419570237
vm2_regexp,withplt,2.555461697978899
vm2_regexp,withplt,2.52375954692252
vm2_regexp,withplt,2.5168836070224643
vm2_regexp,withplt,2.5410320200026035
vm2_regexp,withplt,2.559068785980344
vm2_regexp,withplt,2.5311085670255125
vm2_regexp,noplt,2.1825192080577835
vm2_regexp,noplt,2.165874487021938
vm2_regexp,noplt,2.201848791912198
vm2_regexp,noplt,2.155565907014534
vm2_regexp,noplt,2.1722088360693306
vm2_regexp,noplt,2.1936743940459564
vm2_regexp,noplt,2.1547950549283996
vm2_regexp,noplt,2.188549975864589
vm2_regexp,noplt,2.1485412870533764
vm2_regexp,noplt,2.1964865040499717
vm2_send,withplt,0.38202088803518564
vm2_send,withplt,0.3792592319659889
vm2_send,withplt,0.3806864330545068
vm2_send,withplt,0.38123290392104536
vm2_send,withplt,0.38268671301193535
vm2_send,withplt,0.3813648719806224
vm2_send,withplt,0.38026972801890224
vm2_send,withplt,0.38027578010223806
vm2_send,withplt,0.3825741399778053
vm2_send,withplt,0.38079803390428424
vm2_send,noplt,0.33663280203472823
vm2_send,noplt,0.3404229050502181
vm2_send,noplt,0.3335319170728326
vm2_send,noplt,0.33847163594327867
vm2_send,noplt,0.3322020510677248
vm2_send,noplt,0.3384138190886006
vm2_send,noplt,0.3351626410149038
vm2_send,noplt,0.337361095007509
vm2_send,noplt,0.32215773896314204
vm2_send,noplt,0.33598497102502733
vm2_string_literal,withplt,0.19795017503201962
vm2_string_literal,withplt,0.19827712001278996
vm2_string_literal,withplt,0.19899178692139685
vm2_string_literal,withplt,0.21195428806822747
vm2_string_literal,withplt,0.21499609190504998
vm2_string_literal,withplt,0.1976688940776512
vm2_string_literal,withplt,0.1988340609241277
vm2_string_literal,withplt,0.2141981489257887
vm2_string_literal,withplt,0.20985718700103462
vm2_string_literal,withplt,0.20878174901008606
vm2_string_literal,noplt,0.20453758107032627
vm2_string_literal,noplt,0.21735722292214632
vm2_string_literal,noplt,0.20485829492099583
vm2_string_literal,noplt,0.2017689108615741
vm2_string_literal,noplt,0.20678726001642644
vm2_string_literal,noplt,0.20516985096037388
vm2_string_literal,noplt,0.20472979405894876
vm2_string_literal,noplt,0.21801581303589046
vm2_string_literal,noplt,0.21564882213715464
vm2_string_literal,noplt,0.20529774203896523
vm2_struct_big_aref_hi,withplt,0.04993505694437772
vm2_struct_big_aref_hi,withplt,0.05209374590776861
vm2_struct_big_aref_hi,withplt,0.05200739309657365
vm2_struct_big_aref_hi,withplt,0.04971674701664597
vm2_struct_big_aref_hi,withplt,0.05495921697001904
vm2_struct_big_aref_hi,withplt,0.05266459088306874
vm2_struct_big_aref_hi,withplt,0.05136994202621281
vm2_struct_big_aref_hi,withplt,0.05397671402897686
vm2_struct_big_aref_hi,withplt,0.05061284394469112
vm2_struct_big_aref_hi,withplt,0.05092112603597343
vm2_struct_big_aref_hi,noplt,0.0487195368623361
vm2_struct_big_aref_hi,noplt,0.05223285802640021
vm2_struct_big_aref_hi,noplt,0.04757563897874206
vm2_struct_big_aref_hi,noplt,0.047065177001059055
vm2_struct_big_aref_hi,noplt,0.04758529900573194
vm2_struct_big_aref_hi,noplt,0.046651316923089325
vm2_struct_big_aref_hi,noplt,0.05179587402381003
vm2_struct_big_aref_hi,noplt,0.04755816690158099
vm2_struct_big_aref_hi,noplt,0.049470099969767034
vm2_struct_big_aref_hi,noplt,0.04777568706776947
vm2_struct_big_aref_lo,withplt,0.05137169489171356
vm2_struct_big_aref_lo,withplt,0.05076940904837102
vm2_struct_big_aref_lo,withplt,0.05102708493359387
vm2_struct_big_aref_lo,withplt,0.05058034404646605
vm2_struct_big_aref_lo,withplt,0.05279107892420143
vm2_struct_big_aref_lo,withplt,0.05005669605452567
vm2_struct_big_aref_lo,withplt,0.0494786580093205
vm2_struct_big_aref_lo,withplt,0.051411969936452806
vm2_struct_big_aref_lo,withplt,0.06412125495262444
vm2_struct_big_aref_lo,withplt,0.05190996895544231
vm2_struct_big_aref_lo,noplt,0.04891890299040824
vm2_struct_big_aref_lo,noplt,0.048868026002310216
vm2_struct_big_aref_lo,noplt,0.04678635182790458
vm2_struct_big_aref_lo,noplt,0.05192985606845468
vm2_struct_big_aref_lo,noplt,0.0531192880589515
vm2_struct_big_aref_lo,noplt,0.046488920925185084
vm2_struct_big_aref_lo,noplt,0.05329414806328714
vm2_struct_big_aref_lo,noplt,0.055202726973220706
vm2_struct_big_aref_lo,noplt,0.05007484101224691
vm2_struct_big_aref_lo,noplt,0.04891467501875013
vm2_struct_big_aset,withplt,0.14379885094240308
vm2_struct_big_aset,withplt,0.1520038159796968
vm2_struct_big_aset,withplt,0.14200481900479645
vm2_struct_big_aset,withplt,0.13995508500374854
vm2_struct_big_aset,withplt,0.15962181298527867
vm2_struct_big_aset,withplt,0.1436356429476291
vm2_struct_big_aset,withplt,0.14403870201203972
vm2_struct_big_aset,withplt,0.14166517893318087
vm2_struct_big_aset,withplt,0.14171774801798165
vm2_struct_big_aset,withplt,0.1344581050798297
vm2_struct_big_aset,noplt,0.15304177207872272
vm2_struct_big_aset,noplt,0.14423077402170748
vm2_struct_big_aset,noplt,0.14091644797008485
vm2_struct_big_aset,noplt,0.14246932498645037
vm2_struct_big_aset,noplt,0.14965240296442062
vm2_struct_big_aset,noplt,0.14054962701629847
vm2_struct_big_aset,noplt,0.15984480292536318
vm2_struct_big_aset,noplt,0.1461836650269106
vm2_struct_big_aset,noplt,0.13642161700408906
vm2_struct_big_aset,noplt,0.1476889830082655
vm2_struct_big_href_hi,withplt,0.3594116350868717
vm2_struct_big_href_hi,withplt,0.3606180290225893
vm2_struct_big_href_hi,withplt,0.3607420710613951
vm2_struct_big_href_hi,withplt,0.36519797099754214
vm2_struct_big_href_hi,withplt,0.34397865692153573
vm2_struct_big_href_hi,withplt,0.3576295168604702
vm2_struct_big_href_hi,withplt,0.3589805430965498
vm2_struct_big_href_hi,withplt,0.3577866218984127
vm2_struct_big_href_hi,withplt,0.3602773570455611
vm2_struct_big_href_hi,withplt,0.3599989009089768
vm2_struct_big_href_hi,noplt,0.30537364503834397
vm2_struct_big_href_hi,noplt,0.2774757541483268
vm2_struct_big_href_hi,noplt,0.29361389100085944
vm2_struct_big_href_hi,noplt,0.2894350540591404
vm2_struct_big_href_hi,noplt,0.2971019640099257
vm2_struct_big_href_hi,noplt,0.2927073909668252
vm2_struct_big_href_hi,noplt,0.2935307630104944
vm2_struct_big_href_hi,noplt,0.28825825604144484
vm2_struct_big_href_hi,noplt,0.30392550595570356
vm2_struct_big_href_hi,noplt,0.3007028130814433
vm2_struct_big_href_lo,withplt,0.3723891850095242
vm2_struct_big_href_lo,withplt,0.3797074370086193
vm2_struct_big_href_lo,withplt,0.3766031680861488
vm2_struct_big_href_lo,withplt,0.36437920900061727
vm2_struct_big_href_lo,withplt,0.37849732697941363
vm2_struct_big_href_lo,withplt,0.3755339829949662
vm2_struct_big_href_lo,withplt,0.3779268121579662
vm2_struct_big_href_lo,withplt,0.36836237588431686
vm2_struct_big_href_lo,withplt,0.38021712796762586
vm2_struct_big_href_lo,withplt,0.37027928803581744
vm2_struct_big_href_lo,noplt,0.2963234269991517
vm2_struct_big_href_lo,noplt,0.3008311530575156
vm2_struct_big_href_lo,noplt,0.29243061889428645
vm2_struct_big_href_lo,noplt,0.2752743929158896
vm2_struct_big_href_lo,noplt,0.3066093629458919
vm2_struct_big_href_lo,noplt,0.29255108803045005
vm2_struct_big_href_lo,noplt,0.31178778305184096
vm2_struct_big_href_lo,noplt,0.3112752978922799
vm2_struct_big_href_lo,noplt,0.29298387200105935
vm2_struct_big_href_lo,noplt,0.2786473920568824
vm2_struct_big_hset,withplt,0.4536173230735585
vm2_struct_big_hset,withplt,0.4501361910952255
vm2_struct_big_hset,withplt,0.45406271202955395
vm2_struct_big_hset,withplt,0.44909362599719316
vm2_struct_big_hset,withplt,0.4493860170478001
vm2_struct_big_hset,withplt,0.45008680794853717
vm2_struct_big_hset,withplt,0.455217820010148
vm2_struct_big_hset,withplt,0.4485706009436399
vm2_struct_big_hset,withplt,0.45141809701453894
vm2_struct_big_hset,withplt,0.4501469110837206
vm2_struct_big_hset,noplt,0.44923419097904116
vm2_struct_big_hset,noplt,0.45060904300771654
vm2_struct_big_hset,noplt,0.4512382190441713
vm2_struct_big_hset,noplt,0.4522011340595782
vm2_struct_big_hset,noplt,0.45117064099758863
vm2_struct_big_hset,noplt,0.451159399934113
vm2_struct_big_hset,noplt,0.4515460489783436
vm2_struct_big_hset,noplt,0.4511956889182329
vm2_struct_big_hset,noplt,0.4494059239514172
vm2_struct_big_hset,noplt,0.44939601700752974
vm2_struct_small_aref,withplt,0.047032044967636466
vm2_struct_small_aref,withplt,0.050341152935288846
vm2_struct_small_aref,withplt,0.06164461805019528
vm2_struct_small_aref,withplt,0.046520800911821425
vm2_struct_small_aref,withplt,0.0489003979600966
vm2_struct_small_aref,withplt,0.05976287112571299
vm2_struct_small_aref,withplt,0.04907838208600879
vm2_struct_small_aref,withplt,0.047192749101668596
vm2_struct_small_aref,withplt,0.05003545607905835
vm2_struct_small_aref,withplt,0.05004302004817873
vm2_struct_small_aref,noplt,0.042152379057370126
vm2_struct_small_aref,noplt,0.04615664388984442
vm2_struct_small_aref,noplt,0.048848088015802205
vm2_struct_small_aref,noplt,0.04499634902458638
vm2_struct_small_aref,noplt,0.04805237683467567
vm2_struct_small_aref,noplt,0.049142332980409265
vm2_struct_small_aref,noplt,0.0466841789893806
vm2_struct_small_aref,noplt,0.046747419051826
vm2_struct_small_aref,noplt,0.047755128936842084
vm2_struct_small_aref,noplt,0.05113268399145454
vm2_struct_small_aset,withplt,0.14676600298844278
vm2_struct_small_aset,withplt,0.16877110791392624
vm2_struct_small_aset,withplt,0.15652943402528763
vm2_struct_small_aset,withplt,0.16102696093730628
vm2_struct_small_aset,withplt,0.1525913419900462
vm2_struct_small_aset,withplt,0.1501964390045032
vm2_struct_small_aset,withplt,0.15509576292242855
vm2_struct_small_aset,withplt,0.15772501903120428
vm2_struct_small_aset,withplt,0.14704402699135244
vm2_struct_small_aset,withplt,0.14657614391762763
vm2_struct_small_aset,noplt,0.1591504350071773
vm2_struct_small_aset,noplt,0.15337501000612974
vm2_struct_small_aset,noplt,0.15412307903170586
vm2_struct_small_aset,noplt,0.13752719992771745
vm2_struct_small_aset,noplt,0.15532811102457345
vm2_struct_small_aset,noplt,0.15957539598457515
vm2_struct_small_aset,noplt,0.15546305500902236
vm2_struct_small_aset,noplt,0.16051845205947757
vm2_struct_small_aset,noplt,0.1644230430247262
vm2_struct_small_aset,noplt,0.1707638440420851
vm2_struct_small_href,withplt,0.2515915669500828
vm2_struct_small_href,withplt,0.26471822801977396
vm2_struct_small_href,withplt,0.2665842049755156
vm2_struct_small_href,withplt,0.2667887710267678
vm2_struct_small_href,withplt,0.26796067901887
vm2_struct_small_href,withplt,0.26894257008098066
vm2_struct_small_href,withplt,0.286040726932697
vm2_struct_small_href,withplt,0.2733079568715766
vm2_struct_small_href,withplt,0.2639154139906168
vm2_struct_small_href,withplt,0.2695249868556857
vm2_struct_small_href,noplt,0.22081165411509573
vm2_struct_small_href,noplt,0.21749175491277128
vm2_struct_small_href,noplt,0.22138569504022598
vm2_struct_small_href,noplt,0.2223050269531086
vm2_struct_small_href,noplt,0.21967626397963613
vm2_struct_small_href,noplt,0.22275958501268178
vm2_struct_small_href,noplt,0.22375143400859088
vm2_struct_small_href,noplt,0.22042645700275898
vm2_struct_small_href,noplt,0.23404968390241265
vm2_struct_small_href,noplt,0.22549990902189165
vm2_struct_small_hset,withplt,0.28202244301792234
vm2_struct_small_hset,withplt,0.2834820830030367
vm2_struct_small_hset,withplt,0.2836841749958694
vm2_struct_small_hset,withplt,0.28046943491790444
vm2_struct_small_hset,withplt,0.2821001590928063
vm2_struct_small_hset,withplt,0.2839340859791264
vm2_struct_small_hset,withplt,0.28900943195912987
vm2_struct_small_hset,withplt,0.28472946502733976
vm2_struct_small_hset,withplt,0.2779753850772977
vm2_struct_small_hset,withplt,0.27976449695415795
vm2_struct_small_hset,noplt,0.3219805749831721
vm2_struct_small_hset,noplt,0.30833987705409527
vm2_struct_small_hset,noplt,0.30838615307584405
vm2_struct_small_hset,noplt,0.30790203902870417
vm2_struct_small_hset,noplt,0.30571460898499936
vm2_struct_small_hset,noplt,0.32039950392208993
vm2_struct_small_hset,noplt,0.30557935300748795
vm2_struct_small_hset,noplt,0.3092672841157764
vm2_struct_small_hset,noplt,0.3082214129390195
vm2_struct_small_hset,noplt,0.30988148995675147
vm2_super,withplt,0.23432794911786914
vm2_super,withplt,0.23503152397461236
vm2_super,withplt,0.22912181611172855
vm2_super,withplt,0.22732253395952284
vm2_super,withplt,0.22846306394785643
vm2_super,withplt,0.23011841403786093
vm2_super,withplt,0.22753772989381105
vm2_super,withplt,0.21718922501895577
vm2_super,withplt,0.22862951806746423
vm2_super,withplt,0.2182160309748724
vm2_super,noplt,0.22622678999323398
vm2_super,noplt,0.2143054399639368
vm2_super,noplt,0.21812050009611994
vm2_super,noplt,0.218358509009704
vm2_super,noplt,0.2177118908148259
vm2_super,noplt,0.21806152001954615
vm2_super,noplt,0.2181288959691301
vm2_super,noplt,0.23098192282486707
vm2_super,noplt,0.2316538691520691
vm2_super,noplt,0.21881874790415168
vm2_unif1,withplt,0.08330942096654326
vm2_unif1,withplt,0.0797726729651913
vm2_unif1,withplt,0.08352943602949381
vm2_unif1,withplt,0.08311939192935824
vm2_unif1,withplt,0.09159516601357609
vm2_unif1,withplt,0.08423876110464334
vm2_unif1,withplt,0.08353119890671223
vm2_unif1,withplt,0.08219585299957544
vm2_unif1,withplt,0.08361499605234712
vm2_unif1,withplt,0.08397570496890694
vm2_unif1,noplt,0.07839423697441816
vm2_unif1,noplt,0.08030770299956203
vm2_unif1,noplt,0.07908382604364306
vm2_unif1,noplt,0.08087389112915844
vm2_unif1,noplt,0.07985244505107403
vm2_unif1,noplt,0.07907189312390983
vm2_unif1,noplt,0.07981293986085802
vm2_unif1,noplt,0.079288832959719
vm2_unif1,noplt,0.07690619095228612
vm2_unif1,noplt,0.0791615229099989
vm2_zsuper,withplt,0.23705073003657162
vm2_zsuper,withplt,0.25011491298209876
vm2_zsuper,withplt,0.24332835199311376
vm2_zsuper,withplt,0.24370295798871666
vm2_zsuper,withplt,0.24356514890678227
vm2_zsuper,withplt,0.24248326011002064
vm2_zsuper,withplt,0.2373256591381505
vm2_zsuper,withplt,0.24423641501925886
vm2_zsuper,withplt,0.24285420903470367
vm2_zsuper,withplt,0.2425192469963804
vm2_zsuper,noplt,0.23384506802540272
vm2_zsuper,noplt,0.23407530202530324
vm2_zsuper,noplt,0.23354070400819182
vm2_zsuper,noplt,0.2436787721235305
vm2_zsuper,noplt,0.2353477410506457
vm2_zsuper,noplt,0.2322880730498582
vm2_zsuper,noplt,0.2352606359636411
vm2_zsuper,noplt,0.23372029303573072
vm2_zsuper,noplt,0.24329977796878666
vm2_zsuper,noplt,0.2345291581004858
vm3_backtrace,withplt,0.12297730601858348
vm3_backtrace,withplt,0.12321011500898749
vm3_backtrace,withplt,0.12413233204279095
vm3_backtrace,withplt,0.1244694780325517
vm3_backtrace,withplt,0.12267660000361502
vm3_backtrace,withplt,0.12304510490503162
vm3_backtrace,withplt,0.12377880699932575
vm3_backtrace,withplt,0.12227147596422583
vm3_backtrace,withplt,0.12383298890199512
vm3_backtrace,withplt,0.12079569394700229
vm3_backtrace,noplt,0.10172781499568373
vm3_backtrace,noplt,0.1002958060707897
vm3_backtrace,noplt,0.10056914202868938
vm3_backtrace,noplt,0.1005758240353316
vm3_backtrace,noplt,0.10202976397704333
vm3_backtrace,noplt,0.1018747229827568
vm3_backtrace,noplt,0.09869742405135185
vm3_backtrace,noplt,0.10223906906321645
vm3_backtrace,noplt,0.10305842303205281
vm3_backtrace,noplt,0.10137176397256553
vm3_clearmethodcache,withplt,0.28201861504931003
vm3_clearmethodcache,withplt,0.29005365003831685
vm3_clearmethodcache,withplt,0.28542272199410945
vm3_clearmethodcache,withplt,0.28489971498493105
vm3_clearmethodcache,withplt,0.2861698300112039
vm3_clearmethodcache,withplt,0.28580855892505497
vm3_clearmethodcache,withplt,0.28823458100669086
vm3_clearmethodcache,withplt,0.29055686795618385
vm3_clearmethodcache,withplt,0.28595791989937425
vm3_clearmethodcache,withplt,0.2846801010891795
vm3_clearmethodcache,noplt,0.2545502239372581
vm3_clearmethodcache,noplt,0.25436604500282556
vm3_clearmethodcache,noplt,0.25361827691085637
vm3_clearmethodcache,noplt,0.25339541595894843
vm3_clearmethodcache,noplt,0.2531103689689189
vm3_clearmethodcache,noplt,0.2512525179190561
vm3_clearmethodcache,noplt,0.2494055760325864
vm3_clearmethodcache,noplt,0.25244928407482803
vm3_clearmethodcache,noplt,0.25391273107379675
vm3_clearmethodcache,noplt,0.2547086310805753
vm3_gc,withplt,6.873498184955679
vm3_gc,withplt,6.8770974279614165
vm3_gc,withplt,6.848915199982002
vm3_gc,withplt,6.940998857025988
vm3_gc,withplt,6.892942431033589
vm3_gc,withplt,6.928221495007165
vm3_gc,withplt,6.883971942937933
vm3_gc,withplt,7.041864305967465
vm3_gc,withplt,6.850393213913776
vm3_gc,withplt,6.8870695600053295
vm3_gc,noplt,6.839293773053214
vm3_gc,noplt,6.848089489969425
vm3_gc,noplt,6.808813162962906
vm3_gc,noplt,6.7915683389874175
vm3_gc,noplt,6.818312576971948
vm3_gc,noplt,6.792918122955598
vm3_gc,noplt,6.800826468970627
vm3_gc,noplt,6.842755364021286
vm3_gc,noplt,6.8005800530081615
vm3_gc,noplt,6.912222684943117
vm3_gc_old_full,withplt,2.950200529070571
vm3_gc_old_full,withplt,2.9552085070172325
vm3_gc_old_full,withplt,2.972969332942739
vm3_gc_old_full,withplt,2.953617769991979
vm3_gc_old_full,withplt,2.929806600091979
vm3_gc_old_full,withplt,2.974522329051979
vm3_gc_old_full,withplt,2.9503440679982305
vm3_gc_old_full,withplt,2.9555496000684798
vm3_gc_old_full,withplt,2.9535785740008578
vm3_gc_old_full,withplt,2.939259596983902
vm3_gc_old_full,noplt,2.890485606971197
vm3_gc_old_full,noplt,2.9083690639818087
vm3_gc_old_full,noplt,2.8825459229992703
vm3_gc_old_full,noplt,2.8897258159704506
vm3_gc_old_full,noplt,2.8901214509969577
vm3_gc_old_full,noplt,2.892687798012048
vm3_gc_old_full,noplt,2.887914540944621
vm3_gc_old_full,noplt,2.909908214933239
vm3_gc_old_full,noplt,2.879508157959208
vm3_gc_old_full,noplt,2.8941081550437957
vm3_gc_old_immediate,withplt,2.0187381799332798
vm3_gc_old_immediate,withplt,2.0208413939690217
vm3_gc_old_immediate,withplt,2.0027142880717292
vm3_gc_old_immediate,withplt,2.0182184199802577
vm3_gc_old_immediate,withplt,2.0658211909467354
vm3_gc_old_immediate,withplt,2.008146977983415
vm3_gc_old_immediate,withplt,2.0316129450220615
vm3_gc_old_immediate,withplt,2.024225302040577
vm3_gc_old_immediate,withplt,2.017476723063737
vm3_gc_old_immediate,withplt,2.0037300320109352
vm3_gc_old_immediate,noplt,1.9537188520189375
vm3_gc_old_immediate,noplt,1.9848580530378968
vm3_gc_old_immediate,noplt,1.9790927360299975
vm3_gc_old_immediate,noplt,1.9903460369678214
vm3_gc_old_immediate,noplt,1.9854884810047224
vm3_gc_old_immediate,noplt,1.9744104410056025
vm3_gc_old_immediate,noplt,1.982631566002965
vm3_gc_old_immediate,noplt,1.9915601139655337
vm3_gc_old_immediate,noplt,2.006152407033369
vm3_gc_old_immediate,noplt,2.012847106088884
vm3_gc_old_lazy,withplt,2.265986801008694
vm3_gc_old_lazy,withplt,2.291794441989623
vm3_gc_old_lazy,withplt,2.30798020795919
vm3_gc_old_lazy,withplt,2.2879788200370967
vm3_gc_old_lazy,withplt,2.307991769979708
vm3_gc_old_lazy,withplt,2.2833431729814038
vm3_gc_old_lazy,withplt,2.2670242150779814
vm3_gc_old_lazy,withplt,2.286645077052526
vm3_gc_old_lazy,withplt,2.292950109927915
vm3_gc_old_lazy,withplt,2.282017934951
vm3_gc_old_lazy,noplt,2.2752462620846927
vm3_gc_old_lazy,noplt,2.283605528064072
vm3_gc_old_lazy,noplt,2.2796997861005366
vm3_gc_old_lazy,noplt,2.2772757260827348
vm3_gc_old_lazy,noplt,2.2739239890361205
vm3_gc_old_lazy,noplt,2.27093987504486
vm3_gc_old_lazy,noplt,2.250188624020666
vm3_gc_old_lazy,noplt,2.2915739150485024
vm3_gc_old_lazy,noplt,2.27966005099006
vm3_gc_old_lazy,noplt,2.287561012082733
vm_symbol_block_pass,withplt,0.8244876740500331
vm_symbol_block_pass,withplt,0.8236366090131924
vm_symbol_block_pass,withplt,0.824270443059504
vm_symbol_block_pass,withplt,0.8302602230105549
vm_symbol_block_pass,withplt,0.8003023479832336
vm_symbol_block_pass,withplt,0.7853029479738325
vm_symbol_block_pass,withplt,0.8158597809961066
vm_symbol_block_pass,withplt,0.8266380049753934
vm_symbol_block_pass,withplt,0.7817225790349767
vm_symbol_block_pass,withplt,0.8262785180704668
vm_symbol_block_pass,noplt,0.7531149709830061
vm_symbol_block_pass,noplt,0.8101864280179143
vm_symbol_block_pass,noplt,0.7786693749949336
vm_symbol_block_pass,noplt,0.798050684039481
vm_symbol_block_pass,noplt,0.7696930270176381
vm_symbol_block_pass,noplt,0.7779145119711757
vm_symbol_block_pass,noplt,0.7551887290319428
vm_symbol_block_pass,noplt,0.7917493380373344
vm_symbol_block_pass,noplt,0.7537432339740917
vm_symbol_block_pass,noplt,0.7874669509474188
vm_thread_alive_check,withplt,0.9598640489857644
vm_thread_alive_check,withplt,0.9992941860109568
vm_thread_alive_check,withplt,0.9802020430797711
vm_thread_alive_check,withplt,0.9680753760039806
vm_thread_alive_check,withplt,0.9929071470396593
vm_thread_alive_check,withplt,1.0048596459673718
vm_thread_alive_check,withplt,0.9105977439321578
vm_thread_alive_check,withplt,1.0679021460236982
vm_thread_alive_check,withplt,0.8991279170149937
vm_thread_alive_check,withplt,1.0758380229817703
vm_thread_alive_check,noplt,0.9376218578545377
vm_thread_alive_check,noplt,1.065438252990134
vm_thread_alive_check,noplt,1.0561849719379097
vm_thread_alive_check,noplt,1.0783347310498357
vm_thread_alive_check,noplt,1.0389067160431296
vm_thread_alive_check,noplt,1.0238466140581295
vm_thread_alive_check,noplt,0.9965147470356897
vm_thread_alive_check,noplt,1.0035284558543935
vm_thread_alive_check,noplt,0.9396303851390257
vm_thread_alive_check,noplt,0.9707103729015216
vm_thread_alive_check1,withplt,0.09450010093860328
vm_thread_alive_check1,withplt,0.10821049101650715
vm_thread_alive_check1,withplt,0.0878755550365895
vm_thread_alive_check1,withplt,0.09357808192726225
vm_thread_alive_check1,withplt,0.10306440200656652
vm_thread_alive_check1,withplt,0.11208039603661746
vm_thread_alive_check1,withplt,0.09651703294366598
vm_thread_alive_check1,withplt,0.11147555499337614
vm_thread_alive_check1,withplt,0.11840746004600078
vm_thread_alive_check1,withplt,0.12025248794816434
vm_thread_alive_check1,noplt,0.10707230702973902
vm_thread_alive_check1,noplt,0.11294847202952951
vm_thread_alive_check1,noplt,0.08888632000889629
vm_thread_alive_check1,noplt,0.0931968439836055
vm_thread_alive_check1,noplt,0.1082560169743374
vm_thread_alive_check1,noplt,0.10279056604485959
vm_thread_alive_check1,noplt,0.0997401470085606
vm_thread_alive_check1,noplt,0.10945396509487182
vm_thread_alive_check1,noplt,0.10163260402623564
vm_thread_alive_check1,noplt,0.1023290459997952
vm_thread_close,withplt,1.1981289240065962
vm_thread_close,withplt,1.2370666220085695
vm_thread_close,withplt,1.2392171960091218
vm_thread_close,withplt,1.1970745370490476
vm_thread_close,withplt,1.2451669899746776
vm_thread_close,withplt,1.2020671669160947
vm_thread_close,withplt,1.211226348998025
vm_thread_close,withplt,1.2053440629970282
vm_thread_close,withplt,1.1999560880940408
vm_thread_close,withplt,1.2408887560013682
vm_thread_close,noplt,1.1820757989771664
vm_thread_close,noplt,1.2046750530134887
vm_thread_close,noplt,1.1705850900616497
vm_thread_close,noplt,1.16898942401167
vm_thread_close,noplt,1.2232934749918059
vm_thread_close,noplt,1.1667384210741147
vm_thread_close,noplt,1.2130156529601663
vm_thread_close,noplt,1.1714581859996542
vm_thread_close,noplt,1.178434835979715
vm_thread_close,noplt,1.1665266919881105
vm_thread_condvar1,withplt,1.5319014189299196
vm_thread_condvar1,withplt,1.5496163269272074
vm_thread_condvar1,withplt,1.5880049210973084
vm_thread_condvar1,withplt,1.5742640329990536
vm_thread_condvar1,withplt,1.5823668050579727
vm_thread_condvar1,withplt,1.5934317890787497
vm_thread_condvar1,withplt,1.5793155339779332
vm_thread_condvar1,withplt,1.5466617390047759
vm_thread_condvar1,withplt,1.657267484930344
vm_thread_condvar1,withplt,1.5669277349952608
vm_thread_condvar1,noplt,1.558528556022793
vm_thread_condvar1,noplt,1.5836943660397083
vm_thread_condvar1,noplt,1.577622642973438
vm_thread_condvar1,noplt,1.6455875310348347
vm_thread_condvar1,noplt,1.5639171210350469
vm_thread_condvar1,noplt,1.6498448059428483
vm_thread_condvar1,noplt,1.6303823830094188
vm_thread_condvar1,noplt,1.6949110450223088
vm_thread_condvar1,noplt,1.6628034599125385
vm_thread_condvar1,noplt,1.6375784269766882
vm_thread_condvar2,withplt,0.9999382729874924
vm_thread_condvar2,withplt,1.0267065040534362
vm_thread_condvar2,withplt,1.047268109046854
vm_thread_condvar2,withplt,1.051761016016826
vm_thread_condvar2,withplt,1.0279297200031579
vm_thread_condvar2,withplt,1.0297033940441906
vm_thread_condvar2,withplt,1.044105367967859
vm_thread_condvar2,withplt,1.0352367620216683
vm_thread_condvar2,withplt,1.0489263728959486
vm_thread_condvar2,withplt,1.0231308250222355
vm_thread_condvar2,noplt,1.0299490860197693
vm_thread_condvar2,noplt,0.9946027470286936
vm_thread_condvar2,noplt,0.9953121539438143
vm_thread_condvar2,noplt,0.9857854279689491
vm_thread_condvar2,noplt,0.9668398610083386
vm_thread_condvar2,noplt,0.9793289289809763
vm_thread_condvar2,noplt,1.0284506819443777
vm_thread_condvar2,noplt,0.9794867059681565
vm_thread_condvar2,noplt,1.0077623390825465
vm_thread_condvar2,noplt,0.9864941739942878
vm_thread_create_join,withplt,1.9382764239562675
vm_thread_create_join,withplt,1.946255441987887
vm_thread_create_join,withplt,2.046602152986452
vm_thread_create_join,withplt,1.9142759389942512
vm_thread_create_join,withplt,2.0140133909881115
vm_thread_create_join,withplt,1.984638245892711
vm_thread_create_join,withplt,2.0211305749835446
vm_thread_create_join,withplt,2.1017019839491695
vm_thread_create_join,withplt,2.025559873902239
vm_thread_create_join,withplt,2.0583339349832386
vm_thread_create_join,noplt,2.0219190909992903
vm_thread_create_join,noplt,1.8889206910971552
vm_thread_create_join,noplt,1.9094696210231632
vm_thread_create_join,noplt,1.849494862020947
vm_thread_create_join,noplt,1.9252962400205433
vm_thread_create_join,noplt,1.8581986869685352
vm_thread_create_join,noplt,2.4749512739945203
vm_thread_create_join,noplt,1.879742763005197
vm_thread_create_join,noplt,1.858093389077112
vm_thread_create_join,noplt,2.037278141011484
vm_thread_mutex1,withplt,0.611110812984407
vm_thread_mutex1,withplt,0.5972334180260077
vm_thread_mutex1,withplt,0.6054608739214018
vm_thread_mutex1,withplt,0.6076399609446526
vm_thread_mutex1,withplt,0.6066795719088987
vm_thread_mutex1,withplt,0.6014312900369987
vm_thread_mutex1,withplt,0.6066968550439924
vm_thread_mutex1,withplt,0.6052601159317419
vm_thread_mutex1,withplt,0.5980332749895751
vm_thread_mutex1,withplt,0.588612690102309
vm_thread_mutex1,noplt,0.5129065000219271
vm_thread_mutex1,noplt,0.512623046990484
vm_thread_mutex1,noplt,0.51491826295387
vm_thread_mutex1,noplt,0.5082628390518948
vm_thread_mutex1,noplt,0.5133912550518289
vm_thread_mutex1,noplt,0.5120486740488559
vm_thread_mutex1,noplt,0.5127206210745499
vm_thread_mutex1,noplt,0.5089928950183094
vm_thread_mutex1,noplt,0.5177224279614165
vm_thread_mutex1,noplt,0.5142770049860701
vm_thread_mutex2,withplt,0.6053457179805264
vm_thread_mutex2,withplt,0.6048503839410841
vm_thread_mutex2,withplt,0.6089175100205466
vm_thread_mutex2,withplt,0.5992224470246583
vm_thread_mutex2,withplt,0.61290392302908
vm_thread_mutex2,withplt,0.6017920289887115
vm_thread_mutex2,withplt,0.6095956980716437
vm_thread_mutex2,withplt,0.5899567829910666
vm_thread_mutex2,withplt,0.6152494141133502
vm_thread_mutex2,withplt,0.6046775580616668
vm_thread_mutex2,noplt,0.513135903980583
vm_thread_mutex2,noplt,0.5122528990032151
vm_thread_mutex2,noplt,0.5132466519717127
vm_thread_mutex2,noplt,0.5136261880397797
vm_thread_mutex2,noplt,0.5164632240775973
vm_thread_mutex2,noplt,0.5111184510169551
vm_thread_mutex2,noplt,0.5197542570531368
vm_thread_mutex2,noplt,0.5145435269223526
vm_thread_mutex2,noplt,0.5128411779878661
vm_thread_mutex2,noplt,0.5119152129627764
vm_thread_mutex3,withplt,0.8709601399023086
vm_thread_mutex3,withplt,0.843466019956395
vm_thread_mutex3,withplt,0.8261903099482879
vm_thread_mutex3,withplt,0.8509717669803649
vm_thread_mutex3,withplt,0.8309031720273197
vm_thread_mutex3,withplt,0.805197173031047
vm_thread_mutex3,withplt,0.8378158420091495
vm_thread_mutex3,withplt,0.8436887300340459
vm_thread_mutex3,withplt,0.8445310380775481
vm_thread_mutex3,withplt,0.8113865769701079
vm_thread_mutex3,noplt,0.7367291760165244
vm_thread_mutex3,noplt,0.7008119410602376
vm_thread_mutex3,noplt,0.7341824559262022
vm_thread_mutex3,noplt,0.6863649010192603
vm_thread_mutex3,noplt,0.7149362309137359
vm_thread_mutex3,noplt,0.7203903910703957
vm_thread_mutex3,noplt,0.727851924020797
vm_thread_mutex3,noplt,0.6701772299129516
vm_thread_mutex3,noplt,0.7111380230635405
vm_thread_mutex3,noplt,0.7230616050073877
vm_thread_pass,withplt,0.447593861958012
vm_thread_pass,withplt,0.4369091739645228
vm_thread_pass,withplt,0.5515914330026135
vm_thread_pass,withplt,0.37187105196062475
vm_thread_pass,withplt,0.48239640693645924
vm_thread_pass,withplt,0.5616446719504893
vm_thread_pass,withplt,0.46941285592038184
vm_thread_pass,withplt,0.5016932369908318
vm_thread_pass,withplt,0.31087676098104566
vm_thread_pass,withplt,0.5260753809707239
vm_thread_pass,noplt,0.5093206329038367
vm_thread_pass,noplt,0.41505534399766475
vm_thread_pass,noplt,0.29469175706617534
vm_thread_pass,noplt,0.4554806569358334
vm_thread_pass,noplt,0.5706381130730733
vm_thread_pass,noplt,0.5067876990651712
vm_thread_pass,noplt,0.5709166369633749
vm_thread_pass,noplt,0.4780573779717088
vm_thread_pass,noplt,0.3504909749608487
vm_thread_pass,noplt,0.2267861490836367
vm_thread_pass_flood,withplt,0.08661994896829128
vm_thread_pass_flood,withplt,0.08905435691121966
vm_thread_pass_flood,withplt,0.0874644999857992
vm_thread_pass_flood,withplt,0.14134516299236566
vm_thread_pass_flood,withplt,0.1525173499248922
vm_thread_pass_flood,withplt,0.08935358107555658
vm_thread_pass_flood,withplt,0.09199254494160414
vm_thread_pass_flood,withplt,0.09855457209050655
vm_thread_pass_flood,withplt,0.09189604304265231
vm_thread_pass_flood,withplt,0.09041649394202977
vm_thread_pass_flood,noplt,0.09847983089275658
vm_thread_pass_flood,noplt,0.09058488195296377
vm_thread_pass_flood,noplt,0.09003711910918355
vm_thread_pass_flood,noplt,0.0955278689507395
vm_thread_pass_flood,noplt,0.09095472004264593
vm_thread_pass_flood,noplt,0.09010647994000465
vm_thread_pass_flood,noplt,0.08910985197871923
vm_thread_pass_flood,noplt,0.08969083707779646
vm_thread_pass_flood,noplt,0.09767216898035258
vm_thread_pass_flood,noplt,0.08878661296330392
vm_thread_pipe,withplt,0.5426703100092709
vm_thread_pipe,withplt,0.3677972140721977
vm_thread_pipe,withplt,0.4975215749582276
vm_thread_pipe,withplt,0.4077980159781873
vm_thread_pipe,withplt,0.37786352599505335
vm_thread_pipe,withplt,0.36947587807662785
vm_thread_pipe,withplt,0.3445585749577731
vm_thread_pipe,withplt,0.515512523939833
vm_thread_pipe,withplt,0.36623349704314023
vm_thread_pipe,withplt,0.35656182805541903
vm_thread_pipe,noplt,0.34202240395825356
vm_thread_pipe,noplt,0.48948879505041987
vm_thread_pipe,noplt,0.47573592292610556
vm_thread_pipe,noplt,0.3266801569843665
vm_thread_pipe,noplt,0.31685181404463947
vm_thread_pipe,noplt,0.5797817960847169
vm_thread_pipe,noplt,0.30802968598436564
vm_thread_pipe,noplt,0.5157707899343222
vm_thread_pipe,noplt,0.2987534920684993
vm_thread_pipe,noplt,0.30112696497235447
vm_thread_queue,withplt,0.12482324393931776
vm_thread_queue,withplt,0.12250335095450282
vm_thread_queue,withplt,0.12569421506486833
vm_thread_queue,withplt,0.12727856100536883
vm_thread_queue,withplt,0.12294770800508559
vm_thread_queue,withplt,0.12333602993749082
vm_thread_queue,withplt,0.12208838004153222
vm_thread_queue,withplt,0.12271577108185738
vm_thread_queue,withplt,0.12285495304968208
vm_thread_queue,withplt,0.1230245529441163
vm_thread_queue,noplt,0.11673034995328635
vm_thread_queue,noplt,0.11693184997420758
vm_thread_queue,noplt,0.12007872096728534
vm_thread_queue,noplt,0.11775329802185297
vm_thread_queue,noplt,0.11920312093570828
vm_thread_queue,noplt,0.11855305603239685
vm_thread_queue,noplt,0.11879158497322351
vm_thread_queue,noplt,0.11906059202738106
vm_thread_queue,noplt,0.11929684691131115
vm_thread_queue,noplt,0.12054330704268068
vm_thread_sized_queue,withplt,0.26972789596766233
vm_thread_sized_queue,withplt,0.294664666056633
vm_thread_sized_queue,withplt,0.2749554079491645
vm_thread_sized_queue,withplt,0.2847778209252283
vm_thread_sized_queue,withplt,0.282445034943521
vm_thread_sized_queue,withplt,0.2798316589323804
vm_thread_sized_queue,withplt,0.2767046360531822
vm_thread_sized_queue,withplt,0.31680825096555054
vm_thread_sized_queue,withplt,0.2887033100705594
vm_thread_sized_queue,withplt,0.2771251869853586
vm_thread_sized_queue,noplt,0.28561665199231356
vm_thread_sized_queue,noplt,0.30055234290193766
vm_thread_sized_queue,noplt,0.29251961305271834
vm_thread_sized_queue,noplt,0.26821302995085716
vm_thread_sized_queue,noplt,0.31119304802268744
vm_thread_sized_queue,noplt,0.29613822407554835
vm_thread_sized_queue,noplt,0.2699602129869163
vm_thread_sized_queue,noplt,0.2886579550104216
vm_thread_sized_queue,noplt,0.2985850549302995
vm_thread_sized_queue,noplt,0.28766821802128106
vm_thread_sized_queue2,withplt,1.212651812005788
vm_thread_sized_queue2,withplt,1.1238453419646248
vm_thread_sized_queue2,withplt,1.1191977720009163
vm_thread_sized_queue2,withplt,1.2418519370257854
vm_thread_sized_queue2,withplt,1.1289505740860477
vm_thread_sized_queue2,withplt,1.1599974499549717
vm_thread_sized_queue2,withplt,1.1687117549590766
vm_thread_sized_queue2,withplt,1.1224900380475447
vm_thread_sized_queue2,withplt,1.20705100602936
vm_thread_sized_queue2,withplt,1.1215735300211236
vm_thread_sized_queue2,noplt,1.2258554379222915
vm_thread_sized_queue2,noplt,1.172027305001393
vm_thread_sized_queue2,noplt,1.113710600999184
vm_thread_sized_queue2,noplt,1.0880005930084735
vm_thread_sized_queue2,noplt,1.1133702379884198
vm_thread_sized_queue2,noplt,1.2104062500875443
vm_thread_sized_queue2,noplt,1.121140283998102
vm_thread_sized_queue2,noplt,1.1262473000679165
vm_thread_sized_queue2,noplt,1.1160144429886714
vm_thread_sized_queue2,noplt,1.0644994790200144
vm_thread_sized_queue3,withplt,1.0989752269815654
vm_thread_sized_queue3,withplt,1.0940589819801971
vm_thread_sized_queue3,withplt,1.2230957879219204
vm_thread_sized_queue3,withplt,1.09475781803485
vm_thread_sized_queue3,withplt,1.0598096590256318
vm_thread_sized_queue3,withplt,1.143374289968051
vm_thread_sized_queue3,withplt,1.0605883880052716
vm_thread_sized_queue3,withplt,1.11936245393008
vm_thread_sized_queue3,withplt,1.0808810950256884
vm_thread_sized_queue3,withplt,1.243765564984642
vm_thread_sized_queue3,noplt,1.0381674490636215
vm_thread_sized_queue3,noplt,1.0617723589530215
vm_thread_sized_queue3,noplt,1.0654170990455896
vm_thread_sized_queue3,noplt,1.0902451749425381
vm_thread_sized_queue3,noplt,1.1035024509765208
vm_thread_sized_queue3,noplt,1.0763985760277137
vm_thread_sized_queue3,noplt,1.057557074003853
vm_thread_sized_queue3,noplt,1.0608760000905022
vm_thread_sized_queue3,noplt,1.0957782430341467
vm_thread_sized_queue3,noplt,1.1093528380151838
vm_thread_sized_queue4,withplt,0.48429651907645166
vm_thread_sized_queue4,withplt,0.44369346101302654
vm_thread_sized_queue4,withplt,0.4197440720163286
vm_thread_sized_queue4,withplt,0.4523838199675083
vm_thread_sized_queue4,withplt,0.4221068350598216
vm_thread_sized_queue4,withplt,0.4373906310647726
vm_thread_sized_queue4,withplt,0.45175845304038376
vm_thread_sized_queue4,withplt,0.44103873695712537
vm_thread_sized_queue4,withplt,0.4608823979506269
vm_thread_sized_queue4,withplt,0.44637135905213654
vm_thread_sized_queue4,noplt,0.4518687700619921
vm_thread_sized_queue4,noplt,0.43212777306325734
vm_thread_sized_queue4,noplt,0.41005155397579074
vm_thread_sized_queue4,noplt,0.4767151909181848
vm_thread_sized_queue4,noplt,0.4405090289656073
vm_thread_sized_queue4,noplt,0.43104117503389716
vm_thread_sized_queue4,noplt,0.43293245998211205
vm_thread_sized_queue4,noplt,0.4315720760496333
vm_thread_sized_queue4,noplt,0.4303726541111246
vm_thread_sized_queue4,noplt,0.43049391300883144
vm_thread_sleep,withplt,0.8227055930765346
vm_thread_sleep,withplt,0.8382622640347108
vm_thread_sleep,withplt,0.8497332150582224
vm_thread_sleep,withplt,0.8420072430744767
vm_thread_sleep,withplt,0.8375629760557786
vm_thread_sleep,withplt,0.8548496071016416
vm_thread_sleep,withplt,0.8653625920414925
vm_thread_sleep,withplt,0.8481014479184523
vm_thread_sleep,withplt,0.8486031939974055
vm_thread_sleep,withplt,0.8500637670513242
vm_thread_sleep,noplt,0.8462041730526835
vm_thread_sleep,noplt,0.8275345640722662
vm_thread_sleep,noplt,0.8458278820617124
vm_thread_sleep,noplt,0.8475949440617114
vm_thread_sleep,noplt,0.8371816769940779
vm_thread_sleep,noplt,0.835421398980543
vm_thread_sleep,noplt,0.8426836278522387
vm_thread_sleep,noplt,0.8457527920836583
vm_thread_sleep,noplt,0.8277041250839829
vm_thread_sleep,noplt,0.8504684099461883